Winner, Standing, Pole, Fatest_lap, City, Overtaking, Lap_nb
 'Buckton', 'Ducktel'], Ayrduck,56, Madrid,48,17
 'Prostduck', 'Buckton'], Buckton,52, Singapour,49,14
 'Buckton', 'Ayrduck'], Ducktel,58, Moscou,40,20
, 'Ayrduck'], Prostduck,52, New York,41,19
, 'Buckton'], Prostduck,50, Paris,45,16
 'Prostduck', 'Ayrduck'], Schumaduck,59, Berlin,48,10
 'Alonsduck', 'Duckberg'], Prostduck,56, Madrid,47,19
 'Duckberg', 'Alonsduck'], Buckton,58, Pekin,50,19
, 'Prostduck'], Ayrduck,57, Londres,48,19
, 'Ayrduck'], Alonsduck,59, Moscou,50,15
, 'Buckton'], Buckton,57, Pekin,40,12
, 'Buckton'], Raiducknen,51, Pekin,47,16
 'Ducktel', 'Buckton'], Alonsduck,54, Singapour,48,17
, 'Prostduck'], Schumaduck,56, Berne,49,15
 'Ayrduck', 'Alonsduck'], Prostduck,54, Tokyo,47,11
 'Duckberg', 'Ayrduck'], Raiducknen,58, Moscou,44,17
 'Buckton', 'Alonsduck'], Raiducknen,55, Londres,45,13
 'Duckberg', 'Ducktel'], Alonsduck,58, Madrid,42,17
 'Duckberg', 'Prostduck'], Duckmilton,58, Tokyo,40,12
, 'Buckton'], Ducktel,57, Rio,44,13
 'Schumaduck', 'Duckberg'], Duckberg,51, Rome,40,12
 'Raiducknen', 'Buckton'], Verstaduck,59, Berne,42,11
 'Ayrduck', 'Prostduck'], Ducktel,51, Rome,45,14
 'Buckton', 'Ayrduck'], Verstaduck,52, Rio,46,16
 'Ayrduck', 'Buckton'], Prostduck,60, Pekin,46,15
 'Raiducknen', 'Ayrduck'], Duckmilton,56, Berlin,46,11
 'Ducktel', 'Schumaduck'], Duckmilton,56, Berne,45,19
 'Alonsduck', 'Ayrduck'], Duckberg,60, New York,47,19
 'Verstaduck', 'Ayrduck'], Duckberg,50, Berne,46,13
 'Ducktel', 'Buckton'], Duckmilton,52, Singapour,40,15
 'Ayrduck', 'Raiducknen'], Schumaduck,53, Berlin,44,13
 'Prostduck', 'Ayrduck'], Prostduck,60, Paris,44,16
 'Ducktel', 'Ayrduck'], Duckmilton,56, Berlin,40,20
 'Buckton', 'Ayrduck'], Ducktel,51, Madrid,44,19
 'Duckberg', 'Buckton'], Ayrduck,56, New York,50,17
 'Raiducknen', 'Buckton'], Buckton,53, Londres,44,16
 'Ducktel', 'Duckberg'], Buckton,59, Rio,48,19
 'Duckberg', 'Buckton'], Schumaduck,57, Berne,41,19
 'Ayrduck', 'Buckton'], Buckton,59, Berlin,50,19
 'Buckton', 'Alonsduck'], Ayrduck,53, Pekin,43,13
 'Ducktel', 'Prostduck'], Prostduck,53, Pekin,44,20
 'Raiducknen', 'Buckton'], Duckmilton,54, Tokyo,40,11
 'Schumaduck', 'Ayrduck'], Duckmilton,57, Rio,41,12
 'Verstaduck', 'Ayrduck'], Duckmilton,52, Singapour,47,20
 'Alonsduck', 'Buckton'], Raiducknen,56, Pekin,43,20
 'Buckton', 'Ayrduck'], Duckberg,50, Rome,44,19
 'Raiducknen', 'Ayrduck'], Duckberg,50, Rome,45,15
, 'Duckberg'], Duckberg,59, Paris,46,10
, 'Buckton'], Duckmilton,50, Berlin,41,17
, 'Verstaduck'], Prostduck,58, Berne,40,14
, 'Ayrduck'], Duckberg,52, Tokyo,48,16
 'Prostduck', 'Buckton'], Duckmilton,56, Moscou,40,16
, 'Prostduck'], Ducktel,56, Tokyo,47,11
 'Ducktel', 'Ayrduck'], Buckton,57, Londres,43,19
 'Buckton', 'Prostduck'], Duckberg,58, New York,47,20
, 'Ayrduck'], Prostduck,50, Paris,44,20
 'Buckton', 'Ayrduck'], Duckmilton,56, Londres,50,19
, 'Ayrduck'], Ducktel,59, Londres,49,11
 'Prostduck', 'Ayrduck'], Duckberg,55, Paris,47,12
, 'Schumaduck'], Buckton,51, Paris,47,12
 'Raiducknen', 'Prostduck'], Alonsduck,56, Madrid,43,10
 'Ayrduck', 'Buckton'], Prostduck,50, Londres,42,16
 'Duckberg', 'Buckton'], Ayrduck,50, Tokyo,49,10
 'Verstaduck', 'Schumaduck'], Ayrduck,52, New York,45,16
 'Ducktel', 'Buckton'], Buckton,50, Moscou,49,18
 'Duckberg', 'Raiducknen'], Ducktel,59, Madrid,48,17
, 'Buckton'], Schumaduck,51, Madrid,45,15
 'Prostduck', 'Ayrduck'], Duckberg,58, Moscou,45,13
 'Schumaduck', 'Ayrduck'], Duckberg,51, Moscou,43,17
 'Ducktel', 'Ayrduck'], Buckton,60, Londres,46,13
 'Ducktel', 'Ayrduck'], Duckberg,58, Rio,43,19
 'Schumaduck', 'Alonsduck'], Schumaduck,55, Paris,40,15
 'Raiducknen', 'Ayrduck'], Ayrduck,51, Rio,42,12
 'Ayrduck', 'Alonsduck'], Verstaduck,52, New York,47,13
 'Buckton', 'Duckberg'], Raiducknen,60, Rio,41,20
 'Ducktel', 'Raiducknen'], Buckton,55, Tokyo,49,18
, 'Buckton'], Duckberg,50, New York,43,12
 'Prostduck', 'Ayrduck'], Raiducknen,57, Moscou,44,17
 'Buckton', 'Ayrduck'], Raiducknen,50, Paris,43,12
 'Ayrduck', 'Prostduck'], Buckton,54, Rome,41,12
 'Duckberg', 'Ayrduck'], Ayrduck,55, Moscou,43,12
 'Prostduck', 'Ayrduck'], Alonsduck,59, Londres,45,17
 'Verstaduck', 'Ayrduck'], Schumaduck,51, Madrid,40,14
 'Alonsduck', 'Buckton'], Duckberg,54, Tokyo,48,10
 'Ducktel', 'Duckberg'], Schumaduck,55, Londres,47,18
, 'Schumaduck'], Raiducknen,50, Pekin,49,13
 'Alonsduck', 'Buckton'], Buckton,60, Berlin,40,19
 'Ayrduck', 'Prostduck'], Schumaduck,56, Berne,41,13
 'Ducktel', 'Duckberg'], Duckberg,58, Berlin,40,16
, 'Duckberg'], Ayrduck,58, Berne,43,19
 'Ducktel', 'Ayrduck'], Verstaduck,56, Madrid,41,12
 'Duckberg', 'Buckton'], Duckberg,56, Tokyo,46,19
, 'Ayrduck'], Schumaduck,57, Rome,47,18
 'Raiducknen', 'Buckton'], Duckberg,52, Singapour,50,14
 'Buckton', 'Ayrduck'], Verstaduck,50, Madrid,49,20
 'Ayrduck', 'Buckton'], Buckton,56, Londres,49,14
 'Raiducknen', 'Buckton'], Prostduck,53, Rome,50,16
 'Duckberg', 'Raiducknen'], Schumaduck,52, Singapour,40,15
 'Alonsduck', 'Ayrduck'], Schumaduck,52, Madrid,43,14
, 'Buckton'], Ayrduck,54, Singapour,44,10
 'Prostduck', 'Ayrduck'], Buckton,55, Singapour,40,10
 'Verstaduck', 'Prostduck'], Verstaduck,59, Berlin,49,12
 'Prostduck', 'Buckton'], Ducktel,53, Berlin,47,13
 'Raiducknen', 'Ayrduck'], Schumaduck,60, Tokyo,48,18
, 'Duckberg'], Ducktel,54, Paris,41,14
 'Ayrduck', 'Duckberg'], Schumaduck,53, Berlin,48,19
, 'Duckberg'], Duckmilton,56, New York,45,16
 'Raiducknen', 'Ayrduck'], Raiducknen,50, Paris,40,12
, 'Raiducknen'], Schumaduck,56, Rome,48,11
 'Prostduck', 'Ayrduck'], Prostduck,52, Rio,43,13
 'Duckberg', 'Buckton'], Raiducknen,50, Rome,45,20
 'Duckberg', 'Ayrduck'], Duckmilton,54, Berlin,49,14
 'Buckton', 'Prostduck'], Duckberg,58, Rome,41,13
 'Buckton', 'Duckberg'], Ayrduck,55, Paris,44,20
 'Prostduck', 'Buckton'], Ayrduck,53, Berne,40,20
 'Ayrduck', 'Raiducknen'], Alonsduck,54, Moscou,48,19
 'Alonsduck', 'Ayrduck'], Alonsduck,51, Paris,46,15
 'Buckton', 'Prostduck'], Alonsduck,50, Paris,41,19
 'Raiducknen', 'Buckton'], Ducktel,53, Rio,45,17
 'Alonsduck', 'Buckton'], Duckmilton,53, Madrid,49,20
 'Buckton', 'Prostduck'], Alonsduck,56, Berne,40,16
 'Alonsduck', 'Buckton'], Prostduck,57, Berlin,45,17
, 'Raiducknen'], Schumaduck,60, Pekin,40,20
 'Duckberg', 'Buckton'], Alonsduck,59, Rio,50,13
 'Ayrduck', 'Alonsduck'], Duckmilton,52, Paris,49,14
, 'Prostduck'], Schumaduck,53, New York,50,13
, 'Prostduck'], Prostduck,60, Tokyo,44,10
 'Prostduck', 'Ayrduck'], Ducktel,50, Madrid,48,11
, 'Buckton'], Duckmilton,52, Paris,49,18
 'Prostduck', 'Ayrduck'], Buckton,59, Berne,45,12
 'Buckton', 'Ayrduck'], Duckberg,56, Berne,40,12
 'Prostduck', 'Buckton'], Duckmilton,57, Berne,42,12
 'Buckton', 'Ayrduck'], Duckberg,59, Paris,48,10
, 'Ayrduck'], Verstaduck,52, Rome,41,11
 'Verstaduck', 'Prostduck'], Alonsduck,51, Berlin,44,14
, 'Buckton'], Prostduck,56, Rio,41,17
 'Raiducknen', 'Buckton'], Ducktel,52, Madrid,43,14
 'Ayrduck', 'Buckton'], Ducktel,57, Berne,47,14
 'Duckberg', 'Prostduck'], Ducktel,59, Berlin,50,20
 'Ayrduck', 'Buckton'], Schumaduck,58, Paris,42,13
 'Prostduck', 'Ayrduck'], Raiducknen,54, Berne,49,17
 'Buckton', 'Ayrduck'], Ducktel,55, Singapour,43,17
 'Ayrduck', 'Buckton'], Duckmilton,59, Berlin,41,15
 'Ducktel', 'Buckton'], Prostduck,58, Rio,47,18
 'Ayrduck', 'Buckton'], Schumaduck,58, Madrid,43,17
 'Ducktel', 'Buckton'], Schumaduck,55, Moscou,40,10
, 'Duckberg'], Alonsduck,60, Rome,46,19
 'Prostduck', 'Buckton'], Buckton,51, Berlin,46,10
 'Ayrduck', 'Buckton'], Alonsduck,50, Pekin,50,20
 'Ducktel', 'Ayrduck'], Ayrduck,51, Madrid,45,10
 'Duckberg', 'Ayrduck'], Alonsduck,55, Londres,40,12
 'Duckberg', 'Ayrduck'], Schumaduck,50, Paris,43,16
 'Alonsduck', 'Duckberg'], Buckton,59, Tokyo,48,10
 'Ayrduck', 'Duckberg'], Verstaduck,56, Pekin,46,10
 'Ayrduck', 'Buckton'], Schumaduck,55, Rio,48,13
, 'Ayrduck'], Duckmilton,58, Tokyo,49,15
 'Prostduck', 'Buckton'], Duckmilton,51, New York,42,20
, 'Buckton'], Prostduck,53, Londres,41,15
 'Prostduck', 'Ayrduck'], Verstaduck,57, Rio,47,12
, 'Prostduck'], Verstaduck,56, Londres,44,18
 'Prostduck', 'Ayrduck'], Buckton,60, New York,47,11
 'Duckberg', 'Alonsduck'], Duckberg,53, Moscou,42,12
 'Ayrduck', 'Prostduck'], Ayrduck,59, Rio,42,11
, 'Buckton'], Duckmilton,55, Pekin,41,16
, 'Verstaduck'], Raiducknen,56, Singapour,42,15
 'Prostduck', 'Buckton'], Raiducknen,58, New York,47,14
 'Prostduck', 'Duckberg'], Alonsduck,54, Madrid,43,15
 'Verstaduck', 'Buckton'], Buckton,58, Madrid,45,18
 'Buckton', 'Ducktel'], Prostduck,57, Londres,47,18
, 'Prostduck'], Schumaduck,60, Berlin,48,10
 'Alonsduck', 'Buckton'], Raiducknen,58, New York,41,14
 'Buckton', 'Duckberg'], Duckmilton,55, Rome,47,17
 'Duckberg', 'Ayrduck'], Alonsduck,55, Rio,41,16
 'Ayrduck', 'Buckton'], Buckton,53, Madrid,41,11
 'Ayrduck', 'Prostduck'], Duckberg,51, Singapour,44,19
 'Ayrduck', 'Verstaduck'], Ducktel,51, Paris,44,17
 'Alonsduck', 'Buckton'], Raiducknen,55, Rome,47,19
, 'Duckberg'], Ducktel,60, Londres,48,14
 'Ducktel', 'Buckton'], Buckton,58, Paris,48,17
 'Duckberg', 'Prostduck'], Raiducknen,59, Pekin,42,15
 'Buckton', 'Duckberg'], Ayrduck,54, Paris,49,10
 'Duckberg', 'Prostduck'], Buckton,60, Berlin,44,11
 'Ducktel', 'Buckton'], Duckberg,57, Berlin,45,11
 'Raiducknen', 'Buckton'], Duckberg,52, Berne,43,13
 'Buckton', 'Ayrduck'], Schumaduck,59, Tokyo,47,10
 'Duckberg', 'Ayrduck'], Duckberg,54, Rome,45,17
 'Duckberg', 'Ayrduck'], Duckberg,55, Moscou,49,18
 'Schumaduck', 'Duckberg'], Buckton,52, New York,40,15
 'Ayrduck', 'Buckton'], Verstaduck,51, Rome,49,19
 'Buckton', 'Prostduck'], Verstaduck,51, Pekin,48,18
, 'Prostduck'], Duckmilton,52, Berlin,50,12
 'Prostduck', 'Buckton'], Schumaduck,59, Rio,43,11
, 'Prostduck'], Buckton,53, Moscou,41,12
 'Prostduck', 'Ayrduck'], Alonsduck,56, Berlin,47,15
 'Prostduck', 'Ayrduck'], Duckmilton,58, Singapour,47,15
 'Ducktel', 'Ayrduck'], Buckton,51, Moscou,49,19
 'Ayrduck', 'Raiducknen'], Raiducknen,50, Singapour,46,11
 'Duckberg', 'Buckton'], Duckmilton,54, Tokyo,48,13
 'Verstaduck', 'Ayrduck'], Verstaduck,54, Singapour,47,11
 'Prostduck', 'Buckton'], Alonsduck,54, Londres,45,17
 'Ducktel', 'Ayrduck'], Prostduck,50, Rio,48,17
 'Prostduck', 'Buckton'], Ayrduck,56, Rome,48,18
, 'Ayrduck'], Verstaduck,50, Berlin,44,16
 'Buckton', 'Alonsduck'], Alonsduck,50, Paris,46,11
, 'Ayrduck'], Prostduck,58, Singapour,48,19
, 'Ayrduck'], Ayrduck,58, Londres,48,16
, 'Ayrduck'], Alonsduck,55, Rio,41,17
, 'Prostduck'], Duckmilton,51, Pekin,49,20
 'Ayrduck', 'Raiducknen'], Duckmilton,51, Moscou,45,13
 'Prostduck', 'Buckton'], Buckton,54, Londres,42,14
 'Duckberg', 'Buckton'], Schumaduck,56, Rio,40,20
 'Ayrduck', 'Buckton'], Duckmilton,58, Londres,48,13
 'Ayrduck', 'Prostduck'], Alonsduck,59, Rio,42,18
 'Prostduck', 'Buckton'], Ayrduck,60, Berlin,45,16
, 'Raiducknen'], Alonsduck,60, Rio,47,10
 'Prostduck', 'Ayrduck'], Prostduck,59, Rio,46,18
 'Ayrduck', 'Schumaduck'], Duckmilton,52, Berne,48,11
 'Buckton', 'Prostduck'], Ayrduck,60, Moscou,50,17
 'Raiducknen', 'Ayrduck'], Raiducknen,55, Madrid,48,18
 'Buckton', 'Prostduck'], Prostduck,58, Rome,41,12
 'Ayrduck', 'Prostduck'], Raiducknen,50, New York,46,16
 'Buckton', 'Prostduck'], Verstaduck,60, Madrid,47,16
 'Raiducknen', 'Buckton'], Ducktel,60, Singapour,46,14
 'Prostduck', 'Duckberg'], Ayrduck,54, Moscou,46,18
, 'Buckton'], Ayrduck,58, Moscou,44,12
 'Ayrduck', 'Duckberg'], Schumaduck,59, Rome,40,12
 'Buckton', 'Ayrduck'], Duckmilton,50, Moscou,50,20
 'Alonsduck', 'Buckton'], Raiducknen,57, Rio,44,18
 'Raiducknen', 'Buckton'], Raiducknen,59, Pekin,42,11
 'Prostduck', 'Buckton'], Alonsduck,51, Pekin,45,18
 'Verstaduck', 'Raiducknen'], Ayrduck,52, Madrid,41,19
 'Raiducknen', 'Ayrduck'], Duckmilton,59, Pekin,46,20
 'Ducktel', 'Ayrduck'], Schumaduck,52, Rio,41,13
 'Duckberg', 'Ayrduck'], Duckberg,58, Moscou,46,20
 'Buckton', 'Ducktel'], Duckmilton,55, Londres,45,19
 'Duckberg', 'Buckton'], Ducktel,51, Rio,41,13
 'Alonsduck', 'Ayrduck'], Alonsduck,56, Londres,42,20
 'Alonsduck', 'Raiducknen'], Raiducknen,55, Berlin,40,19
 'Duckberg', 'Ducktel'], Prostduck,52, Tokyo,42,10
 'Alonsduck', 'Buckton'], Duckberg,55, Berlin,47,20
 'Raiducknen', 'Ayrduck'], Schumaduck,50, Pekin,45,12
, 'Ayrduck'], Duckmilton,53, Paris,40,19
 'Prostduck', 'Raiducknen'], Alonsduck,53, Paris,45,11
 'Raiducknen', 'Buckton'], Ducktel,59, Londres,44,20
 'Alonsduck', 'Prostduck'], Prostduck,51, Rome,44,18
 'Ducktel', 'Ayrduck'], Alonsduck,58, Madrid,46,19
 'Duckberg', 'Prostduck'], Ayrduck,58, Paris,42,19
 'Buckton', 'Raiducknen'], Raiducknen,54, Berlin,40,15
, 'Ayrduck'], Prostduck,55, Londres,50,12
 'Buckton', 'Ayrduck'], Duckberg,52, Paris,50,12
, 'Ayrduck'], Raiducknen,59, Singapour,40,14
 'Ayrduck', 'Duckberg'], Alonsduck,51, Rio,50,17
 'Prostduck', 'Duckberg'], Prostduck,53, Pekin,46,14
, 'Prostduck'], Schumaduck,52, Pekin,42,13
 'Prostduck', 'Duckberg'], Raiducknen,54, Rome,44,10
 'Buckton', 'Duckberg'], Buckton,58, Moscou,41,18
 'Alonsduck', 'Ayrduck'], Duckmilton,51, Madrid,50,12
, 'Ayrduck'], Raiducknen,54, Moscou,43,17
 'Ayrduck', 'Buckton'], Duckmilton,50, Berne,50,14
, 'Ayrduck'], Duckmilton,56, Rio,46,10
, 'Buckton'], Verstaduck,54, Rio,48,19
 'Ducktel', 'Buckton'], Duckberg,52, Pekin,40,17
, 'Ayrduck'], Duckmilton,52, Rome,49,19
 'Ayrduck', 'Buckton'], Ducktel,52, Paris,47,20
, 'Prostduck'], Duckberg,56, Berne,40,12
 'Buckton', 'Ayrduck'], Duckmilton,59, Tokyo,41,11
 'Alonsduck', 'Ayrduck'], Prostduck,59, Rome,47,15
 'Duckberg', 'Ayrduck'], Prostduck,54, Moscou,47,15
 'Schumaduck', 'Buckton'], Ducktel,58, Berne,47,10
 'Raiducknen', 'Ayrduck'], Raiducknen,51, Rio,41,13
 'Buckton', 'Prostduck'], Prostduck,59, Pekin,41,17
 'Alonsduck', 'Ayrduck'], Ayrduck,57, Londres,44,14
 'Duckberg', 'Buckton'], Raiducknen,56, Madrid,44,20
 'Prostduck', 'Ducktel'], Raiducknen,58, Paris,42,20
 'Ayrduck', 'Prostduck'], Ayrduck,57, Madrid,50,14
 'Duckberg', 'Ayrduck'], Duckmilton,55, New York,43,10
 'Raiducknen', 'Ayrduck'], Alonsduck,52, Moscou,40,10
 'Verstaduck', 'Prostduck'], Ducktel,55, Rome,48,15
 'Duckberg', 'Ayrduck'], Ducktel,57, Paris,45,12
 'Duckberg', 'Ayrduck'], Ducktel,51, Tokyo,45,20
 'Buckton', 'Raiducknen'], Alonsduck,59, New York,46,13
, 'Ayrduck'], Schumaduck,60, Rio,41,19
, 'Ayrduck'], Duckberg,54, Moscou,45,10
 'Ayrduck', 'Buckton'], Verstaduck,54, Berne,40,17
 'Duckberg', 'Verstaduck'], Verstaduck,59, Rio,49,18
 'Duckberg', 'Buckton'], Raiducknen,60, Paris,42,17
 'Ayrduck', 'Prostduck'], Ayrduck,53, Madrid,40,10
 'Ayrduck', 'Buckton'], Ducktel,50, Madrid,47,12
 'Duckberg', 'Ayrduck'], Ducktel,54, Tokyo,43,11
 'Prostduck', 'Buckton'], Verstaduck,59, Rio,47,14
 'Raiducknen', 'Ayrduck'], Verstaduck,53, Madrid,40,13
 'Ayrduck', 'Raiducknen'], Raiducknen,53, Rome,43,16
 'Verstaduck', 'Prostduck'], Prostduck,51, New York,40,11
 'Buckton', 'Prostduck'], Prostduck,52, Paris,44,17
 'Ayrduck', 'Buckton'], Duckmilton,57, Singapour,45,12
 'Alonsduck', 'Duckberg'], Ayrduck,53, New York,41,16
 'Ayrduck', 'Buckton'], Schumaduck,50, Rio,47,18
 'Ayrduck', 'Prostduck'], Prostduck,50, Londres,47,20
 'Duckberg', 'Ayrduck'], Prostduck,58, Berne,49,12
 'Duckberg', 'Ayrduck'], Verstaduck,60, Berlin,46,16
, 'Buckton'], Duckmilton,53, New York,47,14
 'Raiducknen', 'Ayrduck'], Raiducknen,53, Tokyo,48,13
, 'Ayrduck'], Duckberg,60, Madrid,43,15
, 'Prostduck'], Duckmilton,56, Madrid,40,18
 'Buckton', 'Raiducknen'], Duckmilton,50, Rome,47,15
 'Buckton', 'Prostduck'], Ducktel,55, Berlin,44,15
, 'Alonsduck'], Prostduck,56, Rome,44,18
 'Alonsduck', 'Prostduck'], Raiducknen,51, Berne,43,15
 'Alonsduck', 'Schumaduck'], Buckton,54, Singapour,43,14
 'Ayrduck', 'Raiducknen'], Raiducknen,59, Madrid,49,14
 'Buckton', 'Ducktel'], Buckton,50, Berlin,46,20
 'Raiducknen', 'Duckberg'], Duckberg,59, New York,43,10
 'Ayrduck', 'Buckton'], Duckberg,50, Singapour,44,10
 'Buckton', 'Ayrduck'], Ayrduck,55, Rome,41,13
 'Ayrduck', 'Prostduck'], Ducktel,50, Madrid,42,11
, 'Alonsduck'], Alonsduck,59, Singapour,42,15
, 'Buckton'], Verstaduck,56, Londres,47,15
, 'Duckberg'], Buckton,51, Pekin,42,18
 'Prostduck', 'Ayrduck'], Schumaduck,59, Singapour,42,12
, 'Prostduck'], Raiducknen,58, Londres,46,10
 'Prostduck', 'Buckton'], Alonsduck,51, Berlin,46,13
 'Prostduck', 'Buckton'], Raiducknen,59, Madrid,42,12
 'Buckton', 'Prostduck'], Ayrduck,51, New York,46,18
, 'Ayrduck'], Buckton,53, Berne,45,16
, 'Ayrduck'], Ducktel,54, Moscou,44,20
 'Duckberg', 'Ayrduck'], Schumaduck,60, Pekin,46,12
 'Duckberg', 'Ayrduck'], Duckberg,59, Tokyo,46,20
 'Duckberg', 'Prostduck'], Schumaduck,54, Tokyo,45,19
 'Duckberg', 'Ayrduck'], Buckton,53, Berne,46,17
 'Schumaduck', 'Prostduck'], Raiducknen,60, Singapour,49,18
 'Alonsduck', 'Raiducknen'], Duckberg,52, Paris,50,13
 'Prostduck', 'Ayrduck'], Alonsduck,55, Berne,47,12
 'Raiducknen', 'Duckberg'], Duckmilton,60, Madrid,41,19
, 'Ayrduck'], Duckberg,54, Berlin,50,15
 'Ayrduck', 'Alonsduck'], Duckberg,55, Londres,48,15
 'Verstaduck', 'Ayrduck'], Duckberg,60, New York,41,18
, 'Prostduck'], Prostduck,51, Madrid,43,19
 'Duckberg', 'Buckton'], Duckmilton,59, New York,47,14
 'Buckton', 'Ayrduck'], Ayrduck,54, Rome,48,12
 'Prostduck', 'Buckton'], Alonsduck,56, Londres,48,13
 'Duckberg', 'Ayrduck'], Duckmilton,50, Singapour,41,19
, 'Ayrduck'], Ayrduck,55, Londres,42,19
 'Raiducknen', 'Schumaduck'], Duckmilton,55, Madrid,48,12
 'Duckberg', 'Raiducknen'], Duckberg,57, Paris,42,19
 'Alonsduck', 'Prostduck'], Alonsduck,57, Londres,42,15
 'Buckton', 'Ayrduck'], Duckberg,54, Berlin,47,10
 'Duckberg', 'Ayrduck'], Buckton,53, Tokyo,49,16
 'Alonsduck', 'Buckton'], Prostduck,52, Madrid,46,18
 'Duckberg', 'Ayrduck'], Duckberg,59, Berne,48,20
 'Prostduck', 'Duckberg'], Schumaduck,54, Madrid,40,20
 'Prostduck', 'Ducktel'], Prostduck,52, Paris,45,15
, 'Prostduck'], Raiducknen,59, Singapour,46,17
, 'Buckton'], Duckberg,50, Madrid,48,12
 'Buckton', 'Alonsduck'], Ducktel,52, Rome,45,15
 'Prostduck', 'Ayrduck'], Duckmilton,54, Pekin,44,10
 'Duckberg', 'Ayrduck'], Ayrduck,58, Londres,41,11
, 'Buckton'], Ducktel,59, Pekin,41,19
 'Duckberg', 'Ayrduck'], Raiducknen,59, Pekin,50,11
 'Duckberg', 'Alonsduck'], Buckton,50, Singapour,44,18
, 'Ayrduck'], Alonsduck,50, Moscou,40,17
 'Buckton', 'Ayrduck'], Prostduck,54, Madrid,41,18
 'Buckton', 'Ayrduck'], Schumaduck,57, New York,42,14
 'Ducktel', 'Buckton'], Schumaduck,56, Rio,48,10
 'Ayrduck', 'Alonsduck'], Ayrduck,58, Tokyo,48,12
 'Raiducknen', 'Alonsduck'], Schumaduck,56, Singapour,50,12
 'Ayrduck', 'Raiducknen'], Duckberg,59, New York,42,16
 'Buckton', 'Prostduck'], Verstaduck,53, Moscou,42,12
 'Prostduck', 'Ayrduck'], Raiducknen,56, Tokyo,45,19
, 'Duckberg'], Raiducknen,52, Londres,43,16
 'Raiducknen', 'Ayrduck'], Ayrduck,52, Tokyo,46,20
 'Alonsduck', 'Prostduck'], Duckberg,51, Singapour,42,19
 'Ayrduck', 'Schumaduck'], Alonsduck,59, Rome,41,10
 'Alonsduck', 'Buckton'], Duckberg,55, Berlin,46,11
 'Ayrduck', 'Buckton'], Prostduck,50, New York,47,17
 'Prostduck', 'Ayrduck'], Prostduck,57, New York,41,19
, 'Ayrduck'], Prostduck,58, Berlin,42,11
 'Duckberg', 'Ayrduck'], Prostduck,55, New York,46,13
 'Raiducknen', 'Schumaduck'], Schumaduck,52, Madrid,45,20
 'Buckton', 'Prostduck'], Prostduck,51, Moscou,40,11
 'Ayrduck', 'Buckton'], Raiducknen,52, New York,47,17
, 'Raiducknen'], Prostduck,53, Tokyo,49,13
 'Ayrduck', 'Raiducknen'], Raiducknen,51, Moscou,41,15
, 'Ayrduck'], Raiducknen,55, Moscou,41,18
 'Ayrduck', 'Buckton'], Duckberg,59, Singapour,42,14
 'Ayrduck', 'Prostduck'], Verstaduck,55, Singapour,45,16
, 'Buckton'], Ducktel,56, Berne,42,14
 'Buckton', 'Prostduck'], Alonsduck,51, Rio,44,16
 'Ducktel', 'Duckberg'], Ayrduck,53, Paris,42,19
 'Ayrduck', 'Buckton'], Alonsduck,57, Londres,48,10
 'Ayrduck', 'Buckton'], Prostduck,53, Tokyo,43,11
 'Schumaduck', 'Ayrduck'], Schumaduck,50, Rio,49,15
, 'Ayrduck'], Duckmilton,51, Pekin,45,16
 'Duckberg', 'Prostduck'], Raiducknen,55, Berlin,42,12
, 'Buckton'], Duckberg,56, Moscou,45,19
 'Raiducknen', 'Verstaduck'], Ducktel,54, Madrid,43,11
, 'Buckton'], Alonsduck,56, Londres,49,14
 'Duckberg', 'Buckton'], Schumaduck,58, Berlin,40,13
 'Duckberg', 'Schumaduck'], Buckton,57, Moscou,47,16
 'Ayrduck', 'Duckberg'], Buckton,60, Londres,50,10
 'Raiducknen', 'Ayrduck'], Prostduck,59, Singapour,44,12
 'Buckton', 'Duckberg'], Duckberg,60, Singapour,41,10
 'Prostduck', 'Ayrduck'], Raiducknen,53, Berlin,43,18
 'Duckberg', 'Ayrduck'], Duckberg,59, Berlin,44,20
 'Verstaduck', 'Ayrduck'], Duckberg,60, Rome,49,18
 'Buckton', 'Ayrduck'], Duckberg,51, New York,49,13
 'Ducktel', 'Ayrduck'], Ducktel,60, Singapour,49,18
 'Prostduck', 'Ayrduck'], Raiducknen,59, Madrid,49,18
 'Prostduck', 'Ayrduck'], Schumaduck,59, New York,46,20
 'Ayrduck', 'Buckton'], Verstaduck,59, Singapour,47,13
, 'Schumaduck'], Ayrduck,56, Tokyo,45,14
 'Duckberg', 'Prostduck'], Duckberg,53, Paris,42,14
 'Verstaduck', 'Ayrduck'], Prostduck,56, Berne,46,11
, 'Duckberg'], Alonsduck,52, Berlin,41,18
 'Ayrduck', 'Alonsduck'], Schumaduck,54, Berlin,49,10
 'Ayrduck', 'Verstaduck'], Ayrduck,51, Tokyo,40,11
, 'Prostduck'], Prostduck,50, Pekin,48,18
 'Prostduck', 'Ayrduck'], Duckberg,57, Rio,50,15
 'Buckton', 'Prostduck'], Buckton,55, Madrid,44,14
 'Duckberg', 'Prostduck'], Schumaduck,56, Londres,45,19
, 'Raiducknen'], Raiducknen,59, Rome,40,11
 'Duckberg', 'Buckton'], Duckberg,54, Pekin,41,15
 'Alonsduck', 'Ayrduck'], Alonsduck,58, New York,50,19
 'Prostduck', 'Ayrduck'], Duckmilton,57, Rio,41,12
 'Duckberg', 'Ayrduck'], Verstaduck,51, Singapour,40,18
, 'Duckberg'], Raiducknen,58, Madrid,49,10
 'Buckton', 'Duckberg'], Duckmilton,54, Berlin,45,15
 'Ayrduck', 'Prostduck'], Alonsduck,59, Singapour,48,12
 'Ducktel', 'Prostduck'], Ayrduck,52, Madrid,48,15
 'Prostduck', 'Buckton'], Alonsduck,58, New York,49,16
 'Raiducknen', 'Prostduck'], Duckmilton,59, Londres,40,15
, 'Ayrduck'], Alonsduck,50, Berlin,43,10
 'Verstaduck', 'Prostduck'], Ayrduck,53, Rio,50,14
 'Buckton', 'Ducktel'], Ducktel,56, Londres,45,19
 'Buckton', 'Ayrduck'], Verstaduck,55, Rio,43,19
 'Ayrduck', 'Prostduck'], Schumaduck,57, Pekin,46,11
, 'Schumaduck'], Alonsduck,58, Berlin,49,16
 'Alonsduck', 'Ayrduck'], Duckmilton,53, Berne,46,20
 'Schumaduck', 'Buckton'], Ducktel,59, Tokyo,44,18
, 'Duckberg'], Verstaduck,50, Londres,44,15
 'Buckton', 'Ayrduck'], Schumaduck,54, Singapour,50,17
 'Buckton', 'Ayrduck'], Verstaduck,52, New York,44,12
 'Raiducknen', 'Ayrduck'], Ducktel,59, Londres,45,10
, 'Prostduck'], Duckmilton,56, New York,42,14
 'Duckberg', 'Buckton'], Buckton,50, Berne,44,13
 'Buckton', 'Ayrduck'], Ducktel,59, Singapour,46,12
 'Buckton', 'Ayrduck'], Prostduck,57, Rio,41,15
 'Ayrduck', 'Prostduck'], Alonsduck,51, Berlin,48,13
 'Alonsduck', 'Ayrduck'], Duckberg,54, Singapour,49,15
 'Duckberg', 'Prostduck'], Duckmilton,52, Berlin,45,19
 'Buckton', 'Alonsduck'], Ducktel,55, Tokyo,44,20
 'Ayrduck', 'Buckton'], Verstaduck,52, Berlin,42,17
 'Buckton', 'Prostduck'], Alonsduck,54, Paris,49,11
, 'Alonsduck'], Schumaduck,58, Berne,44,18
, 'Raiducknen'], Raiducknen,57, Rio,46,15
 'Prostduck', 'Duckberg'], Duckberg,60, Rome,50,10
, 'Duckberg'], Duckberg,50, New York,41,16
 'Buckton', 'Raiducknen'], Duckberg,51, Londres,42,12
 'Duckberg', 'Buckton'], Raiducknen,57, Pekin,42,17
 'Ayrduck', 'Buckton'], Raiducknen,54, Londres,46,12
 'Ayrduck', 'Raiducknen'], Alonsduck,58, Moscou,40,10
 'Ayrduck', 'Ducktel'], Duckberg,60, Londres,45,19
 'Ayrduck', 'Duckberg'], Duckmilton,59, Rome,48,11
 'Duckberg', 'Prostduck'], Schumaduck,50, Tokyo,44,16
 'Buckton', 'Raiducknen'], Duckmilton,58, Paris,46,10
 'Schumaduck', 'Ayrduck'], Ducktel,55, Singapour,45,14
 'Prostduck', 'Ayrduck'], Schumaduck,54, Rome,47,18
 'Prostduck', 'Buckton'], Buckton,59, Londres,49,17
 'Buckton', 'Ducktel'], Prostduck,55, Pekin,46,16
 'Ayrduck', 'Raiducknen'], Duckmilton,50, Rio,50,18
 'Alonsduck', 'Ayrduck'], Raiducknen,57, Madrid,43,20
 'Ducktel', 'Prostduck'], Alonsduck,57, Berlin,47,14
, 'Ayrduck'], Ayrduck,59, Tokyo,41,10
, 'Duckberg'], Ayrduck,50, Pekin,48,15
 'Ducktel', 'Ayrduck'], Ducktel,53, Londres,41,17
, 'Buckton'], Ducktel,58, Londres,43,13
 'Buckton', 'Raiducknen'], Ducktel,57, Pekin,45,10
 'Duckberg', 'Ayrduck'], Prostduck,58, Paris,49,18
 'Prostduck', 'Ayrduck'], Ayrduck,59, Tokyo,44,11
 'Alonsduck', 'Raiducknen'], Prostduck,52, Moscou,40,10
 'Raiducknen', 'Ayrduck'], Prostduck,53, Berne,48,16
 'Ducktel', 'Ayrduck'], Prostduck,55, Tokyo,42,11
 'Buckton', 'Ayrduck'], Alonsduck,56, Moscou,49,11
, 'Prostduck'], Duckmilton,56, Paris,45,13
, 'Ayrduck'], Prostduck,59, New York,47,19
, 'Duckberg'], Ducktel,56, Pekin,41,11
 'Ayrduck', 'Buckton'], Ducktel,54, Londres,44,10
 'Prostduck', 'Ayrduck'], Ayrduck,54, Moscou,48,19
 'Duckberg', 'Buckton'], Prostduck,57, New York,47,13
 'Ducktel', 'Ayrduck'], Schumaduck,53, Berlin,47,13
 'Buckton', 'Ayrduck'], Duckmilton,60, New York,40,20
 'Buckton', 'Ayrduck'], Prostduck,60, New York,43,15
, 'Prostduck'], Verstaduck,53, Paris,41,11
, 'Buckton'], Buckton,54, Rome,43,11
, 'Ayrduck'], Duckmilton,57, Tokyo,43,18
 'Alonsduck', 'Ayrduck'], Ducktel,59, Berne,43,14
 'Ayrduck', 'Buckton'], Schumaduck,59, Berne,50,18
 'Prostduck', 'Alonsduck'], Verstaduck,50, Singapour,42,11
 'Duckberg', 'Buckton'], Prostduck,60, Pekin,42,16
 'Duckberg', 'Ayrduck'], Raiducknen,60, Rio,43,19
 'Duckberg', 'Prostduck'], Buckton,52, Pekin,40,10
 'Duckberg', 'Prostduck'], Ayrduck,51, Moscou,45,13
, 'Ayrduck'], Prostduck,55, Tokyo,44,15
 'Ayrduck', 'Buckton'], Verstaduck,58, New York,43,17
 'Ducktel', 'Buckton'], Raiducknen,54, Singapour,43,10
 'Duckberg', 'Buckton'], Alonsduck,60, Pekin,45,10
 'Alonsduck', 'Ayrduck'], Prostduck,57, Londres,45,20
 'Ayrduck', 'Buckton'], Duckberg,57, Berne,41,16
, 'Ayrduck'], Ducktel,50, Pekin,46,19
 'Duckberg', 'Ayrduck'], Raiducknen,53, New York,41,13
, 'Ayrduck'], Ducktel,55, Tokyo,50,15
, 'Duckberg'], Ducktel,58, Pekin,49,17
 'Ayrduck', 'Prostduck'], Ducktel,54, Moscou,43,16
, 'Ayrduck'], Ayrduck,54, Singapour,41,12
 'Buckton', 'Ayrduck'], Ducktel,53, Rio,47,15
, 'Buckton'], Schumaduck,57, Berlin,46,13
 'Schumaduck', 'Raiducknen'], Buckton,56, Paris,50,17
, 'Duckberg'], Raiducknen,60, New York,49,13
 'Ayrduck', 'Duckberg'], Alonsduck,57, Pekin,44,18
 'Duckberg', 'Ayrduck'], Prostduck,54, Singapour,45,19
 'Raiducknen', 'Ayrduck'], Verstaduck,54, Rome,48,15
, 'Ayrduck'], Schumaduck,53, Rio,40,18
, 'Ayrduck'], Raiducknen,50, Pekin,48,20
, 'Ayrduck'], Schumaduck,50, Berlin,41,20
 'Prostduck', 'Duckberg'], Buckton,52, Pekin,49,13
 'Buckton', 'Ayrduck'], Raiducknen,54, Londres,49,11
 'Alonsduck', 'Buckton'], Ducktel,53, Berne,45,15
, 'Ducktel'], Verstaduck,60, Madrid,48,17
 'Buckton', 'Ayrduck'], Raiducknen,53, Pekin,41,20
, 'Prostduck'], Duckberg,54, New York,47,17
 'Buckton', 'Ayrduck'], Ducktel,53, Rio,42,19
 'Schumaduck', 'Ayrduck'], Schumaduck,55, Rome,49,10
, 'Prostduck'], Verstaduck,60, Madrid,42,10
 'Duckberg', 'Ayrduck'], Duckberg,54, Pekin,50,19
 'Ayrduck', 'Raiducknen'], Ayrduck,60, Singapour,48,20
, 'Raiducknen'], Alonsduck,56, Londres,43,18
 'Ducktel', 'Raiducknen'], Buckton,55, Rome,41,20
 'Ayrduck', 'Alonsduck'], Ayrduck,50, Tokyo,40,10
 'Prostduck', 'Ayrduck'], Alonsduck,60, Berne,45,11
 'Ayrduck', 'Raiducknen'], Duckberg,57, Berne,41,17
 'Alonsduck', 'Ayrduck'], Buckton,53, Rio,46,15
 'Ayrduck', 'Ducktel'], Ducktel,58, Berlin,50,15
 'Verstaduck', 'Ayrduck'], Alonsduck,60, Moscou,44,18
 'Ducktel', 'Prostduck'], Raiducknen,54, Pekin,41,14
 'Alonsduck', 'Raiducknen'], Raiducknen,57, Singapour,50,18
 'Ayrduck', 'Raiducknen'], Duckberg,51, Londres,49,17
 'Alonsduck', 'Buckton'], Schumaduck,60, Madrid,43,15
 'Prostduck', 'Ayrduck'], Schumaduck,56, Pekin,50,10
 'Duckberg', 'Prostduck'], Schumaduck,53, Rome,46,11
 'Ducktel', 'Ayrduck'], Alonsduck,53, New York,41,12
 'Duckberg', 'Prostduck'], Prostduck,58, New York,40,19
 'Schumaduck', 'Ayrduck'], Duckberg,53, Tokyo,46,12
, 'Ayrduck'], Verstaduck,56, Rome,46,17
 'Raiducknen', 'Buckton'], Buckton,56, Singapour,46,11
, 'Buckton'], Alonsduck,59, Madrid,41,19
, 'Ayrduck'], Buckton,52, Moscou,44,20
 'Duckberg', 'Raiducknen'], Ducktel,53, Paris,50,16
 'Buckton', 'Ayrduck'], Raiducknen,55, Berlin,45,17
 'Verstaduck', 'Ayrduck'], Buckton,53, Moscou,44,14
 'Verstaduck', 'Ayrduck'], Prostduck,58, Paris,47,20
, 'Ayrduck'], Buckton,51, Pekin,44,17
 'Buckton', 'Prostduck'], Alonsduck,60, Madrid,43,17
 'Buckton', 'Schumaduck'], Ducktel,52, Tokyo,42,19
 'Ducktel', 'Prostduck'], Buckton,60, Rio,43,12
, 'Duckberg'], Ayrduck,50, Singapour,42,14
 'Ayrduck', 'Prostduck'], Ducktel,53, Tokyo,50,13
 'Buckton', 'Ayrduck'], Duckberg,50, Singapour,43,18
, 'Prostduck'], Duckberg,54, Moscou,41,12
 'Raiducknen', 'Duckberg'], Ayrduck,56, New York,43,14
 'Schumaduck', 'Ayrduck'], Alonsduck,52, Moscou,50,20
 'Buckton', 'Prostduck'], Buckton,53, Paris,43,13
 'Ayrduck', 'Prostduck'], Duckmilton,54, New York,47,11
 'Ayrduck', 'Raiducknen'], Ayrduck,57, Londres,43,15
, 'Ayrduck'], Ayrduck,52, Berne,48,13
 'Raiducknen', 'Duckberg'], Duckberg,58, Londres,48,18
 'Ducktel', 'Buckton'], Alonsduck,55, Londres,40,11
 'Verstaduck', 'Prostduck'], Raiducknen,54, Paris,40,14
, 'Buckton'], Ducktel,52, Singapour,45,20
 'Prostduck', 'Buckton'], Verstaduck,50, Moscou,43,15
 'Alonsduck', 'Raiducknen'], Ducktel,57, Londres,43,18
 'Duckberg', 'Raiducknen'], Verstaduck,54, Berne,49,16
 'Raiducknen', 'Ayrduck'], Ayrduck,58, Londres,45,20
, 'Ayrduck'], Prostduck,60, Paris,42,12
 'Prostduck', 'Buckton'], Duckmilton,56, Rio,42,15
 'Alonsduck', 'Duckberg'], Raiducknen,59, New York,41,16
 'Buckton', 'Alonsduck'], Duckmilton,55, Rio,47,20
 'Prostduck', 'Ayrduck'], Duckberg,51, Paris,50,12
 'Ducktel', 'Buckton'], Verstaduck,60, Tokyo,48,15
 'Raiducknen', 'Buckton'], Verstaduck,57, Rio,44,15
 'Buckton', 'Duckberg'], Duckmilton,56, Londres,46,12
 'Verstaduck', 'Ayrduck'], Ducktel,52, Berlin,50,12
 'Ayrduck', 'Alonsduck'], Raiducknen,57, Paris,44,11
 'Prostduck', 'Ayrduck'], Duckberg,51, New York,44,19
 'Raiducknen', 'Buckton'], Buckton,50, Madrid,44,13
 'Alonsduck', 'Ayrduck'], Schumaduck,54, Pekin,43,13
 'Verstaduck', 'Ayrduck'], Ayrduck,52, Singapour,47,20
 'Schumaduck', 'Buckton'], Schumaduck,59, Berlin,50,18
 'Verstaduck', 'Ayrduck'], Ayrduck,59, New York,41,10
 'Duckberg', 'Ayrduck'], Ducktel,51, Moscou,46,20
 'Ayrduck', 'Ducktel'], Schumaduck,56, Pekin,49,20
 'Alonsduck', 'Raiducknen'], Ayrduck,53, Rio,50,20
 'Alonsduck', 'Prostduck'], Schumaduck,52, Londres,43,17
, 'Ayrduck'], Prostduck,58, Madrid,43,17
, 'Ayrduck'], Ducktel,52, New York,46,16
 'Raiducknen', 'Prostduck'], Verstaduck,52, Berlin,48,16
, 'Duckberg'], Raiducknen,60, Tokyo,50,19
 'Buckton', 'Prostduck'], Prostduck,54, Tokyo,47,19
, 'Ayrduck'], Alonsduck,54, Rio,50,10
, 'Buckton'], Verstaduck,54, Pekin,41,14
 'Buckton', 'Ayrduck'], Duckmilton,55, Moscou,42,14
 'Duckberg', 'Ayrduck'], Raiducknen,56, Rome,47,15
 'Prostduck', 'Duckberg'], Duckmilton,57, Tokyo,44,15
 'Ayrduck', 'Prostduck'], Buckton,52, Londres,42,13
 'Duckberg', 'Ayrduck'], Schumaduck,52, Pekin,48,10
 'Ayrduck', 'Prostduck'], Alonsduck,59, Madrid,49,17
 'Raiducknen', 'Ayrduck'], Raiducknen,59, Pekin,41,11
 'Ducktel', 'Prostduck'], Raiducknen,54, Singapour,47,18
 'Raiducknen', 'Ayrduck'], Duckberg,57, Rome,43,10
, 'Ayrduck'], Ducktel,55, New York,44,13
, 'Ayrduck'], Raiducknen,55, Londres,43,14
 'Prostduck', 'Buckton'], Raiducknen,54, New York,43,14
, 'Ayrduck'], Schumaduck,57, Berne,40,12
 'Ayrduck', 'Duckberg'], Verstaduck,58, Rio,43,13
 'Ducktel', 'Ayrduck'], Duckberg,55, Madrid,42,17
 'Duckberg', 'Ayrduck'], Prostduck,50, Berne,45,20
 'Buckton', 'Ayrduck'], Duckmilton,53, Berlin,41,10
 'Ducktel', 'Ayrduck'], Ayrduck,59, Paris,46,16
 'Duckberg', 'Ayrduck'], Prostduck,54, Pekin,45,16
 'Alonsduck', 'Raiducknen'], Schumaduck,54, Tokyo,40,18
 'Duckberg', 'Buckton'], Duckberg,53, Berlin,42,19
 'Buckton', 'Ayrduck'], Duckmilton,54, Berlin,49,19
 'Buckton', 'Ayrduck'], Prostduck,58, Rio,50,17
 'Prostduck', 'Buckton'], Ayrduck,59, Madrid,50,19
 'Buckton', 'Prostduck'], Schumaduck,50, Moscou,44,20
, 'Ayrduck'], Verstaduck,59, Berne,43,10
 'Duckberg', 'Ayrduck'], Raiducknen,59, Berne,44,18
 'Prostduck', 'Ayrduck'], Buckton,50, Rome,42,10
 'Buckton', 'Ayrduck'], Duckberg,57, Berne,49,13
 'Prostduck', 'Buckton'], Ducktel,59, Berlin,49,12
 'Prostduck', 'Duckberg'], Ayrduck,60, Moscou,44,15
 'Buckton', 'Ayrduck'], Ducktel,60, New York,49,10
, 'Prostduck'], Ducktel,52, Singapour,45,10
 'Ayrduck', 'Prostduck'], Prostduck,57, Paris,49,15
 'Raiducknen', 'Ayrduck'], Duckmilton,51, Berlin,42,16
 'Prostduck', 'Duckberg'], Ducktel,52, Berlin,41,12
 'Prostduck', 'Raiducknen'], Buckton,56, Tokyo,49,20
 'Alonsduck', 'Duckberg'], Duckmilton,55, New York,48,12
 'Schumaduck', 'Duckberg'], Duckberg,56, Rio,42,11
, 'Ayrduck'], Duckberg,55, Pekin,47,10
 'Prostduck', 'Buckton'], Prostduck,55, Madrid,47,20
, 'Ayrduck'], Ducktel,57, Tokyo,47,11
 'Ayrduck', 'Prostduck'], Duckberg,57, Rio,48,10
, 'Ayrduck'], Alonsduck,55, Tokyo,40,18
, 'Buckton'], Prostduck,58, New York,49,13
 'Ayrduck', 'Duckberg'], Alonsduck,54, Berlin,40,18
 'Prostduck', 'Buckton'], Schumaduck,60, Madrid,48,10
 'Verstaduck', 'Ducktel'], Schumaduck,50, Paris,48,20
 'Prostduck', 'Ayrduck'], Verstaduck,52, Berlin,46,20
 'Buckton', 'Ayrduck'], Schumaduck,51, Singapour,42,13
, 'Buckton'], Verstaduck,55, Londres,41,14
 'Ayrduck', 'Duckberg'], Schumaduck,57, Pekin,45,20
 'Duckberg', 'Ayrduck'], Ayrduck,58, Madrid,40,18
 'Buckton', 'Verstaduck'], Verstaduck,54, Paris,46,14
 'Ducktel', 'Prostduck'], Duckmilton,60, Madrid,41,13
 'Prostduck', 'Buckton'], Ducktel,53, Rio,44,11
 'Alonsduck', 'Prostduck'], Prostduck,58, Moscou,46,13
 'Buckton', 'Duckberg'], Verstaduck,55, Pekin,46,10
, 'Buckton'], Verstaduck,53, Londres,48,16
, 'Prostduck'], Verstaduck,55, Tokyo,48,11
 'Prostduck', 'Raiducknen'], Buckton,56, Madrid,47,16
 'Verstaduck', 'Duckberg'], Alonsduck,51, Pekin,50,11
, 'Ayrduck'], Duckmilton,50, New York,40,10
 'Prostduck', 'Ayrduck'], Verstaduck,57, Moscou,49,10
 'Duckberg', 'Alonsduck'], Prostduck,57, Berne,40,13
, 'Ayrduck'], Alonsduck,57, Tokyo,43,12
, 'Ayrduck'], Ayrduck,53, Rio,45,17
 'Buckton', 'Ayrduck'], Schumaduck,50, Berlin,45,17
 'Ducktel', 'Duckberg'], Buckton,59, Rio,45,11
 'Buckton', 'Ayrduck'], Prostduck,60, Pekin,49,11
 'Verstaduck', 'Buckton'], Ayrduck,60, Pekin,40,13
 'Alonsduck', 'Duckberg'], Schumaduck,58, Moscou,45,16
, 'Raiducknen'], Verstaduck,55, Berne,43,16
 'Duckberg', 'Ducktel'], Schumaduck,55, Berlin,45,10
 'Duckberg', 'Raiducknen'], Buckton,52, Moscou,46,20
 'Ducktel', 'Alonsduck'], Duckberg,59, Berlin,42,12
 'Ayrduck', 'Buckton'], Raiducknen,57, Pekin,48,19
 'Raiducknen', 'Buckton'], Prostduck,51, Pekin,42,14
, 'Prostduck'], Ayrduck,60, Moscou,40,12
 'Raiducknen', 'Ayrduck'], Alonsduck,50, Moscou,45,10
 'Alonsduck', 'Ayrduck'], Prostduck,54, Londres,43,18
 'Buckton', 'Ayrduck'], Raiducknen,59, New York,45,17
 'Prostduck', 'Duckberg'], Schumaduck,60, Singapour,43,13
 'Buckton', 'Ayrduck'], Ducktel,60, Paris,43,15
 'Prostduck', 'Ayrduck'], Prostduck,50, Londres,44,17
 'Duckberg', 'Ayrduck'], Raiducknen,56, Pekin,42,17
 'Buckton', 'Ayrduck'], Raiducknen,57, Rio,47,17
 'Prostduck', 'Buckton'], Ducktel,54, Tokyo,41,10
 'Raiducknen', 'Ayrduck'], Alonsduck,50, Rome,50,19
 'Ayrduck', 'Raiducknen'], Alonsduck,57, Rome,42,11
 'Prostduck', 'Duckberg'], Buckton,50, Berne,48,11
, 'Raiducknen'], Alonsduck,56, Moscou,45,19
 'Prostduck', 'Buckton'], Duckmilton,50, Berlin,47,20
 'Duckberg', 'Buckton'], Schumaduck,51, Rio,45,12
 'Raiducknen', 'Buckton'], Duckmilton,55, Rome,50,19
 'Buckton', 'Ayrduck'], Alonsduck,56, Berne,43,14
, 'Prostduck'], Raiducknen,54, Rio,47,16
 'Duckberg', 'Prostduck'], Buckton,55, Paris,41,12
, 'Buckton'], Buckton,59, Pekin,47,18
 'Ayrduck', 'Prostduck'], Raiducknen,58, Rio,45,13
 'Prostduck', 'Alonsduck'], Schumaduck,50, Rome,47,14
 'Ayrduck', 'Buckton'], Duckmilton,52, Pekin,48,16
 'Duckberg', 'Ayrduck'], Schumaduck,51, Singapour,50,20
 'Ducktel', 'Buckton'], Duckmilton,60, Moscou,47,14
 'Prostduck', 'Raiducknen'], Verstaduck,52, Madrid,41,19
 'Ayrduck', 'Prostduck'], Prostduck,50, Paris,49,14
 'Duckberg', 'Prostduck'], Ayrduck,58, Singapour,50,18
 'Prostduck', 'Ayrduck'], Duckberg,56, Paris,45,10
 'Schumaduck', 'Duckberg'], Schumaduck,52, Tokyo,49,14
 'Alonsduck', 'Ayrduck'], Verstaduck,55, Paris,40,19
, 'Ayrduck'], Duckberg,56, Pekin,43,19
 'Buckton', 'Ayrduck'], Ayrduck,56, Pekin,50,13
 'Verstaduck', 'Ayrduck'], Duckberg,59, Rome,48,18
 'Prostduck', 'Ayrduck'], Raiducknen,59, Paris,44,13
 'Prostduck', 'Schumaduck'], Duckberg,56, Pekin,48,15
 'Ayrduck', 'Buckton'], Duckberg,53, Berne,49,17
, 'Ayrduck'], Verstaduck,50, New York,48,18
, 'Alonsduck'], Duckmilton,56, Singapour,44,17
 'Schumaduck', 'Prostduck'], Duckberg,58, Paris,41,20
, 'Prostduck'], Duckmilton,59, Paris,47,14
 'Duckberg', 'Ayrduck'], Prostduck,54, Berlin,41,13
 'Buckton', 'Prostduck'], Prostduck,51, Madrid,47,19
 'Buckton', 'Verstaduck'], Raiducknen,54, Singapour,48,20
 'Raiducknen', 'Ayrduck'], Raiducknen,50, Londres,47,13
 'Ayrduck', 'Prostduck'], Ayrduck,55, Tokyo,49,20
, 'Raiducknen'], Verstaduck,50, Rio,50,11
 'Raiducknen', 'Alonsduck'], Schumaduck,57, Londres,41,17
, 'Ayrduck'], Ayrduck,57, New York,47,14
 'Ducktel', 'Ayrduck'], Schumaduck,60, Tokyo,41,16
 'Duckberg', 'Alonsduck'], Duckmilton,55, Rio,43,20
 'Duckberg', 'Raiducknen'], Duckmilton,56, Paris,41,15
 'Prostduck', 'Raiducknen'], Alonsduck,52, Pekin,49,17
 'Prostduck', 'Ayrduck'], Duckberg,54, Moscou,50,14
, 'Ducktel'], Verstaduck,56, Pekin,46,12
 'Duckberg', 'Buckton'], Raiducknen,58, Londres,44,16
, 'Duckberg'], Ayrduck,51, Rio,50,14
 'Buckton', 'Ayrduck'], Duckmilton,50, Rome,41,20
 'Prostduck', 'Ayrduck'], Alonsduck,51, Paris,45,18
 'Prostduck', 'Ayrduck'], Schumaduck,51, Paris,47,18
 'Alonsduck', 'Ayrduck'], Raiducknen,60, Singapour,40,15
 'Alonsduck', 'Buckton'], Alonsduck,51, Pekin,42,13
 'Ayrduck', 'Buckton'], Buckton,52, Singapour,47,16
 'Ayrduck', 'Buckton'], Duckmilton,54, Berne,41,13
 'Alonsduck', 'Prostduck'], Raiducknen,59, Berne,47,15
 'Duckberg', 'Buckton'], Raiducknen,55, Tokyo,44,20
 'Prostduck', 'Buckton'], Duckberg,55, Paris,41,16
 'Ayrduck', 'Prostduck'], Verstaduck,58, Londres,50,18
 'Ayrduck', 'Prostduck'], Ayrduck,52, Rome,41,12
 'Ayrduck', 'Verstaduck'], Buckton,52, Londres,45,20
 'Raiducknen', 'Buckton'], Schumaduck,54, Pekin,50,15
 'Prostduck', 'Raiducknen'], Raiducknen,52, Moscou,48,19
 'Duckberg', 'Ayrduck'], Schumaduck,58, Berne,45,11
 'Ayrduck', 'Duckberg'], Prostduck,59, Londres,48,13
 'Ayrduck', 'Buckton'], Duckberg,53, New York,42,15
 'Ayrduck', 'Buckton'], Buckton,53, Rome,45,11
 'Ayrduck', 'Buckton'], Verstaduck,51, Berne,49,11
, 'Ayrduck'], Duckberg,50, Pekin,44,10
 'Raiducknen', 'Duckberg'], Verstaduck,56, Moscou,48,16
 'Duckberg', 'Prostduck'], Duckmilton,57, Moscou,47,19
 'Raiducknen', 'Ayrduck'], Ducktel,52, Berne,44,19
, 'Buckton'], Duckmilton,54, Berlin,42,13
 'Raiducknen', 'Ayrduck'], Alonsduck,55, Rio,49,10
 'Duckberg', 'Buckton'], Ducktel,52, Madrid,48,15
 'Ayrduck', 'Alonsduck'], Ducktel,56, Paris,49,15
, 'Buckton'], Schumaduck,50, Paris,47,14
, 'Duckberg'], Ayrduck,53, Berlin,43,19
 'Duckberg', 'Buckton'], Buckton,51, Tokyo,43,13
 'Verstaduck', 'Schumaduck'], Ducktel,52, New York,41,20
 'Duckberg', 'Ayrduck'], Buckton,56, Paris,40,16
, 'Ayrduck'], Ducktel,54, Madrid,48,11
 'Ayrduck', 'Buckton'], Buckton,50, Rio,49,17
 'Duckberg', 'Ayrduck'], Alonsduck,54, Moscou,44,19
, 'Ayrduck'], Raiducknen,53, New York,49,17
 'Duckberg', 'Ayrduck'], Buckton,52, New York,40,11
 'Ayrduck', 'Buckton'], Duckberg,56, Berne,43,20
 'Buckton', 'Ayrduck'], Schumaduck,59, Berne,44,13
 'Buckton', 'Ayrduck'], Alonsduck,51, New York,50,18
 'Raiducknen', 'Ayrduck'], Verstaduck,59, Moscou,42,11
, 'Ayrduck'], Duckmilton,54, Berne,42,20
 'Duckberg', 'Ayrduck'], Alonsduck,51, Tokyo,47,12
, 'Prostduck'], Duckberg,52, Rio,43,18
 'Raiducknen', 'Prostduck'], Verstaduck,53, Tokyo,45,16
, 'Buckton'], Duckmilton,51, Paris,44,15
 'Schumaduck', 'Ayrduck'], Raiducknen,56, Moscou,45,19
 'Raiducknen', 'Buckton'], Raiducknen,55, Rio,48,10
 'Duckberg', 'Buckton'], Schumaduck,54, Berne,48,12
 'Buckton', 'Alonsduck'], Raiducknen,56, Rio,50,14
 'Prostduck', 'Ayrduck'], Schumaduck,58, Berne,48,13
 'Raiducknen', 'Ayrduck'], Schumaduck,58, New York,45,14
 'Ayrduck', 'Buckton'], Verstaduck,50, Berne,50,15
 'Duckberg', 'Ayrduck'], Duckmilton,54, Berne,45,16
 'Ducktel', 'Ayrduck'], Schumaduck,60, Berlin,49,14
 'Schumaduck', 'Ayrduck'], Buckton,53, Singapour,45,10
 'Buckton', 'Ayrduck'], Duckmilton,60, Pekin,40,14
 'Buckton', 'Ayrduck'], Alonsduck,50, Moscou,45,11
 'Ayrduck', 'Prostduck'], Raiducknen,55, Berne,49,14
 'Prostduck', 'Buckton'], Ayrduck,60, Rome,48,11
 'Schumaduck', 'Ayrduck'], Prostduck,51, Moscou,45,12
 'Buckton', 'Ayrduck'], Ayrduck,57, Tokyo,46,18
 'Buckton', 'Prostduck'], Duckmilton,59, Madrid,43,13
 'Duckberg', 'Ayrduck'], Verstaduck,50, Londres,43,19
, 'Buckton'], Duckmilton,57, Berlin,44,14
 'Prostduck', 'Ayrduck'], Duckberg,50, Singapour,47,17
 'Ducktel', 'Ayrduck'], Verstaduck,51, Paris,48,11
 'Buckton', 'Ayrduck'], Duckberg,55, Rio,44,20
 'Alonsduck', 'Ayrduck'], Prostduck,51, Paris,48,13
 'Duckberg', 'Buckton'], Alonsduck,52, Rome,50,12
 'Raiducknen', 'Ayrduck'], Duckmilton,51, Berlin,41,17
 'Ducktel', 'Ayrduck'], Duckmilton,55, Londres,48,18
 'Ayrduck', 'Buckton'], Ayrduck,56, Rome,40,14
 'Buckton', 'Ayrduck'], Schumaduck,60, New York,48,16
 'Prostduck', 'Ayrduck'], Ayrduck,56, Singapour,50,16
 'Alonsduck', 'Buckton'], Ducktel,51, Singapour,44,15
 'Buckton', 'Ayrduck'], Buckton,59, Berne,49,15
 'Ayrduck', 'Raiducknen'], Schumaduck,52, Londres,48,19
 'Schumaduck', 'Ayrduck'], Alonsduck,56, Berne,40,15
 'Prostduck', 'Ayrduck'], Duckmilton,55, Singapour,42,16
 'Duckberg', 'Ayrduck'], Raiducknen,57, Pekin,40,13
 'Raiducknen', 'Buckton'], Raiducknen,50, New York,43,19
, 'Ayrduck'], Ducktel,54, Tokyo,44,16
 'Ayrduck', 'Alonsduck'], Verstaduck,55, Rio,45,18
 'Prostduck', 'Buckton'], Ducktel,59, Berlin,40,16
 'Buckton', 'Prostduck'], Duckberg,53, Tokyo,50,19
 'Raiducknen', 'Ayrduck'], Verstaduck,58, Rome,45,18
 'Duckberg', 'Raiducknen'], Schumaduck,51, Berne,41,10
 'Ayrduck', 'Prostduck'], Schumaduck,59, New York,50,13
 'Buckton', 'Ayrduck'], Duckmilton,59, Londres,44,19
 'Schumaduck', 'Duckberg'], Duckmilton,57, Tokyo,44,13
 'Verstaduck', 'Prostduck'], Schumaduck,51, Madrid,45,10
 'Buckton', 'Ayrduck'], Duckmilton,54, Moscou,43,20
 'Duckberg', 'Ayrduck'], Duckmilton,50, Berne,42,15
 'Prostduck', 'Ayrduck'], Ayrduck,51, New York,50,18
 'Buckton', 'Ayrduck'], Raiducknen,50, Paris,46,13
 'Duckberg', 'Buckton'], Duckmilton,59, Berlin,40,12
 'Alonsduck', 'Buckton'], Verstaduck,58, Londres,48,15
 'Ayrduck', 'Buckton'], Prostduck,50, Londres,43,10
, 'Ayrduck'], Raiducknen,51, Tokyo,42,14
 'Verstaduck', 'Ayrduck'], Duckberg,50, Berne,49,10
, 'Raiducknen'], Ducktel,55, Londres,49,12
 'Alonsduck', 'Ayrduck'], Buckton,53, Pekin,45,14
 'Prostduck', 'Ayrduck'], Prostduck,50, Rome,40,19
 'Alonsduck', 'Duckberg'], Duckberg,60, Rio,46,19
 'Buckton', 'Ayrduck'], Ayrduck,53, Rome,40,14
 'Alonsduck', 'Buckton'], Raiducknen,51, New York,45,13
, 'Ayrduck'], Duckmilton,51, Londres,40,16
, 'Raiducknen'], Duckmilton,54, Tokyo,41,14
 'Prostduck', 'Buckton'], Verstaduck,50, Tokyo,43,15
 'Ayrduck', 'Buckton'], Verstaduck,50, Paris,47,18
 'Schumaduck', 'Duckberg'], Alonsduck,53, Rome,47,15
 'Prostduck', 'Buckton'], Schumaduck,54, Rio,44,12
, 'Alonsduck'], Raiducknen,53, Tokyo,45,10
 'Duckberg', 'Ayrduck'], Schumaduck,53, New York,44,12
 'Raiducknen', 'Ducktel'], Alonsduck,53, Tokyo,47,18
 'Prostduck', 'Ayrduck'], Duckberg,58, Londres,47,20
 'Ducktel', 'Ayrduck'], Duckberg,54, Rome,50,20
 'Duckberg', 'Prostduck'], Buckton,60, Tokyo,48,12
, 'Ducktel'], Alonsduck,59, Tokyo,42,14
 'Prostduck', 'Ayrduck'], Prostduck,57, Berlin,44,13
, 'Prostduck'], Raiducknen,52, Londres,46,18
 'Raiducknen', 'Buckton'], Duckmilton,50, Moscou,49,12
 'Buckton', 'Ayrduck'], Schumaduck,57, Paris,44,15
 'Buckton', 'Ayrduck'], Duckmilton,51, Rio,49,20
, 'Duckberg'], Prostduck,53, Moscou,48,16
 'Alonsduck', 'Ayrduck'], Ducktel,50, Londres,41,16
 'Buckton', 'Prostduck'], Alonsduck,58, Madrid,45,15
 'Duckberg', 'Buckton'], Duckberg,56, Londres,46,17
 'Prostduck', 'Buckton'], Buckton,53, Moscou,46,17
, 'Buckton'], Duckmilton,59, Londres,42,12
 'Buckton', 'Ayrduck'], Ayrduck,50, Berne,50,13
 'Alonsduck', 'Buckton'], Duckberg,54, Paris,49,18
, 'Ayrduck'], Alonsduck,51, Paris,41,13
 'Buckton', 'Ayrduck'], Ayrduck,51, Moscou,45,10
 'Duckberg', 'Prostduck'], Schumaduck,53, Pekin,46,18
, 'Duckberg'], Schumaduck,55, Madrid,43,15
 'Duckberg', 'Ayrduck'], Ducktel,60, Londres,45,15
 'Buckton', 'Raiducknen'], Schumaduck,56, Paris,43,10
, 'Verstaduck'], Ducktel,51, Berlin,40,17
, 'Prostduck'], Raiducknen,55, New York,45,12
 'Raiducknen', 'Ayrduck'], Ducktel,58, Singapour,46,18
, 'Duckberg'], Ayrduck,55, Moscou,47,16
 'Alonsduck', 'Prostduck'], Ayrduck,57, Singapour,48,15
 'Prostduck', 'Ayrduck'], Alonsduck,54, Londres,48,11
 'Prostduck', 'Ayrduck'], Verstaduck,59, Moscou,46,12
 'Ayrduck', 'Prostduck'], Buckton,53, Moscou,43,20
 'Prostduck', 'Duckberg'], Schumaduck,50, New York,44,20
, 'Ayrduck'], Duckberg,55, Rio,40,11
 'Alonsduck', 'Raiducknen'], Raiducknen,54, Berne,48,20
 'Ayrduck', 'Prostduck'], Ayrduck,53, Madrid,48,12
 'Ayrduck', 'Buckton'], Verstaduck,54, Singapour,40,14
 'Schumaduck', 'Ayrduck'], Alonsduck,57, Berlin,40,13
, 'Ayrduck'], Ayrduck,60, Berne,49,13
 'Ducktel', 'Ayrduck'], Schumaduck,59, Paris,46,17
 'Alonsduck', 'Ayrduck'], Duckberg,51, Rome,43,16
 'Ayrduck', 'Buckton'], Alonsduck,51, Paris,48,16
 'Schumaduck', 'Raiducknen'], Raiducknen,57, Moscou,46,20
 'Alonsduck', 'Prostduck'], Ducktel,53, Pekin,50,15
, 'Raiducknen'], Schumaduck,51, Berlin,44,20
, 'Duckberg'], Ducktel,51, Singapour,44,11
 'Verstaduck', 'Prostduck'], Ducktel,51, Paris,50,20
 'Raiducknen', 'Ayrduck'], Prostduck,54, Tokyo,44,18
 'Prostduck', 'Ayrduck'], Schumaduck,59, Madrid,50,14
 'Prostduck', 'Raiducknen'], Verstaduck,51, Moscou,50,11
 'Raiducknen', 'Prostduck'], Alonsduck,51, New York,49,20
 'Ayrduck', 'Buckton'], Prostduck,58, Madrid,48,17
 'Buckton', 'Ayrduck'], Ayrduck,53, Singapour,49,13
, 'Duckberg'], Alonsduck,51, Moscou,40,17
 'Ducktel', 'Duckberg'], Prostduck,54, New York,40,19
 'Buckton', 'Ayrduck'], Buckton,54, Moscou,43,13
, 'Ayrduck'], Prostduck,57, Singapour,48,18
, 'Buckton'], Duckmilton,55, Rio,47,10
 'Buckton', 'Ayrduck'], Ayrduck,60, Madrid,45,14
 'Prostduck', 'Buckton'], Alonsduck,55, Madrid,46,14
 'Raiducknen', 'Buckton'], Verstaduck,51, Tokyo,46,11
 'Prostduck', 'Alonsduck'], Ayrduck,59, Londres,43,16
 'Verstaduck', 'Buckton'], Raiducknen,57, Singapour,40,10
 'Duckberg', 'Ayrduck'], Verstaduck,60, Rio,44,19
 'Alonsduck', 'Buckton'], Raiducknen,56, Tokyo,41,12
 'Duckberg', 'Raiducknen'], Schumaduck,59, Rome,46,20
 'Buckton', 'Ayrduck'], Ayrduck,52, Pekin,42,20
 'Schumaduck', 'Buckton'], Prostduck,55, Singapour,42,20
, 'Ayrduck'], Raiducknen,50, Madrid,41,19
 'Schumaduck', 'Ayrduck'], Schumaduck,59, Rome,45,13
 'Ayrduck', 'Duckberg'], Verstaduck,57, Madrid,50,14
 'Duckberg', 'Ayrduck'], Duckberg,55, Pekin,41,20
 'Verstaduck', 'Ayrduck'], Schumaduck,53, Rome,44,17
 'Duckberg', 'Ayrduck'], Ducktel,56, Paris,42,18
 'Ayrduck', 'Prostduck'], Raiducknen,51, Tokyo,43,12
 'Buckton', 'Prostduck'], Duckberg,50, Singapour,45,14
 'Prostduck', 'Duckberg'], Schumaduck,56, Paris,45,19
 'Duckberg', 'Ayrduck'], Ducktel,59, New York,41,17
 'Alonsduck', 'Buckton'], Schumaduck,60, New York,46,11
, 'Ayrduck'], Prostduck,52, Moscou,44,12
, 'Ayrduck'], Buckton,57, Tokyo,43,14
 'Prostduck', 'Buckton'], Buckton,50, Rio,41,11
 'Prostduck', 'Ayrduck'], Raiducknen,53, Tokyo,41,13
, 'Verstaduck'], Ducktel,50, Tokyo,40,19
 'Buckton', 'Alonsduck'], Schumaduck,55, Rome,46,12
 'Buckton', 'Ayrduck'], Ducktel,53, Berne,45,17
 'Ayrduck', 'Raiducknen'], Schumaduck,55, Berlin,45,16
 'Alonsduck', 'Ayrduck'], Schumaduck,50, Berlin,50,20
 'Duckberg', 'Prostduck'], Prostduck,59, Rome,44,13
 'Buckton', 'Schumaduck'], Duckberg,56, Berne,45,19
 'Ayrduck', 'Alonsduck'], Duckmilton,52, Rome,49,10
 'Raiducknen', 'Duckberg'], Prostduck,59, Paris,42,12
 'Duckberg', 'Prostduck'], Verstaduck,56, Paris,46,15
 'Verstaduck', 'Ayrduck'], Ayrduck,60, Rio,42,10
 'Duckberg', 'Ayrduck'], Duckberg,59, Berne,43,13
 'Buckton', 'Ayrduck'], Duckberg,54, Rome,46,15
 'Prostduck', 'Alonsduck'], Ayrduck,57, New York,41,15
, 'Ayrduck'], Schumaduck,50, Tokyo,43,16
 'Ayrduck', 'Raiducknen'], Raiducknen,59, Londres,47,13
 'Ayrduck', 'Duckberg'], Prostduck,59, Berne,46,10
 'Duckberg', 'Buckton'], Verstaduck,55, Paris,40,20
 'Raiducknen', 'Ayrduck'], Prostduck,52, Berlin,42,20
 'Buckton', 'Ayrduck'], Alonsduck,56, Moscou,43,19
 'Alonsduck', 'Ayrduck'], Ayrduck,58, Rome,42,18
 'Ayrduck', 'Ducktel'], Buckton,57, Singapour,44,13
, 'Prostduck'], Prostduck,59, Pekin,50,16
 'Duckberg', 'Ayrduck'], Duckmilton,54, Pekin,42,11
 'Buckton', 'Ayrduck'], Buckton,57, Londres,45,10
 'Ayrduck', 'Buckton'], Ducktel,52, Berne,42,15
, 'Buckton'], Duckmilton,52, Pekin,43,11
 'Buckton', 'Ayrduck'], Duckmilton,50, Moscou,49,18
 'Verstaduck', 'Duckberg'], Duckmilton,60, Rio,44,12
 'Ayrduck', 'Buckton'], Ayrduck,50, Singapour,48,20
 'Ayrduck', 'Buckton'], Raiducknen,54, Berne,47,17
 'Verstaduck', 'Prostduck'], Schumaduck,55, Rio,49,19
 'Verstaduck', 'Duckberg'], Ducktel,50, Londres,43,15
 'Duckberg', 'Ayrduck'], Schumaduck,57, Berlin,50,20
 'Duckberg', 'Ayrduck'], Alonsduck,53, New York,45,14
 'Ayrduck', 'Prostduck'], Verstaduck,56, Pekin,50,18
 'Duckberg', 'Prostduck'], Prostduck,59, Madrid,46,18
 'Raiducknen', 'Prostduck'], Schumaduck,51, Moscou,45,20
 'Duckberg', 'Ayrduck'], Raiducknen,52, Singapour,40,19
 'Verstaduck', 'Ayrduck'], Duckberg,52, Pekin,50,14
 'Prostduck', 'Ayrduck'], Ducktel,60, Madrid,42,17
 'Duckberg', 'Ayrduck'], Schumaduck,58, Paris,50,17
 'Buckton', 'Prostduck'], Duckmilton,53, Berlin,40,13
 'Ayrduck', 'Buckton'], Prostduck,52, Madrid,42,20
 'Prostduck', 'Ayrduck'], Ducktel,56, Rome,47,11
 'Schumaduck', 'Ayrduck'], Prostduck,55, Berlin,44,12
 'Duckberg', 'Prostduck'], Prostduck,55, Berne,44,17
 'Ayrduck', 'Buckton'], Ducktel,55, Tokyo,43,19
 'Ayrduck', 'Buckton'], Verstaduck,50, Rome,43,11
 'Duckberg', 'Ayrduck'], Ducktel,57, Madrid,48,11
 'Duckberg', 'Buckton'], Verstaduck,54, Moscou,40,12
, 'Duckberg'], Ayrduck,53, Berne,41,15
 'Ducktel', 'Raiducknen'], Raiducknen,51, Moscou,50,20
 'Buckton', 'Ayrduck'], Buckton,50, Moscou,47,16
 'Buckton', 'Ayrduck'], Ducktel,53, Paris,40,18
 'Raiducknen', 'Ayrduck'], Alonsduck,54, Paris,49,13
 'Buckton', 'Duckberg'], Duckberg,53, Madrid,47,20
