Collection;Produit;Prix;Image
Must Have;Gelyu Harem Pants - Black;$49.95;https://kidoriman.com/cdn/shop/files/KidorimanGelyuPantsBlack_4_224x@3x.webp?v=1696424648
Must Have;Gelyu Harem Pants - Navy Blue;$49.95;https://kidoriman.com/cdn/shop/files/KidorimanGelyuPantsBlue_3_224x@3x.webp?v=1696424682
Must Have;Gelyu Harem Pants - Red;$49.95;https://kidoriman.com/cdn/shop/files/KidorimanGelyuPantsRed_2_224x@3x.webp?v=1696424682
Must Have;Gelyu Harem Pants - Gray;$49.95;https://kidoriman.com/cdn/shop/files/Gelyu-gray-1080_224x@3x.jpg?v=1696424682
Must Have;Gelyu Harem Pants - Yellow;$49.95;https://kidoriman.com/cdn/shop/files/KidorimanGelyuPants_7_224x@3x.webp?v=1696424682
Must Have;Gelyu Harem Pants - Brown;$49.95;https://kidoriman.com/cdn/shop/files/KidorimanGelyuPantsBrown_3_224x@3x.webp?v=1696424682
Must Have;Kireina Pants - Black;$49.95;https://kidoriman.com/cdn/shop/files/Kiriena_black_1920_2_224x@3x.webp?v=1696342443
Must Have;Kireina Pants - Gray;$49.95;https://kidoriman.com/cdn/shop/files/Kiriena_gray_1920_4_224x@3x.webp?v=1696342459
Must Have;Kireina Pants - Red;$49.95;https://kidoriman.com/cdn/shop/files/Kiriena_red_1920_3_224x@3x.webp?v=1696342459
Must Have;Kireina Pants - Blue;$49.95;https://kidoriman.com/cdn/shop/files/Kiriena_blue_1920_4_224x@3x.webp?v=1696342459
Must Have;Kireina Pants - Brown;$49.95;https://kidoriman.com/cdn/shop/files/Kireina_brown_1920_3_224x@3x.webp?v=1696342459
Must Have;Shinu Sleeve Shirt - Gray;$39.95;https://kidoriman.com/cdn/shop/files/Shinuq_gray_3__1080_224x@3x.jpg?v=1690560025
Must Have;Shinu Sleeve Shirt - Black;$39.95;https://kidoriman.com/cdn/shop/files/Shinuq_black_2__1080_224x@3x.jpg?v=1692682785
Must Have;Shinu Sleeve Shirt - White;$39.95;https://kidoriman.com/cdn/shop/files/Shinuq_white_2__1080_224x@3x.jpg?v=1692786303
Must Have;Shinu Sleeve Shirt - Blue;$39.95;https://kidoriman.com/cdn/shop/files/Shinuq_blue_4__1080_224x@3x.jpg?v=1692682785
Must Have;Shinu Sleeve Shirt - Stone;$39.95;https://kidoriman.com/cdn/shop/files/ShinuLGray1080_2_224x@3x.jpg?v=1692786303
Must Have;Shinu Sleeve Shirt - Graphite;$39.95;https://kidoriman.com/cdn/shop/files/ShinuDGray1080_4_224x@3x.jpg?v=1692786303
Must Have;Kuko Harem Pants - Black;$59.95;https://kidoriman.com/cdn/shop/files/KidorimanKukoPants_8_224x@3x.jpg?v=1689508749
Must Have;Kuko Harem Pants - Light Gray;$59.95;https://kidoriman.com/cdn/shop/files/Kukolightgray_8_224x@3x.jpg?v=1689508749
Must Have;Kuko Harem Pants - Dark Gray;$59.95;https://kidoriman.com/cdn/shop/files/Kuko_1920_5_224x@3x.jpg?v=1689508749
Must Have;Sekino Cropped Pants - Blue;$39.95;https://kidoriman.com/cdn/shop/files/SekinoBlue_16_224x@3x.jpg?v=1689510676
Must Have;Sekino Cropped Pants - Black;$39.95;https://kidoriman.com/cdn/shop/files/SekinoBlack_3_224x@3x.jpg?v=1689510676
Must Have;Sekino Cropped Pants - Gray;$39.95;https://kidoriman.com/cdn/shop/files/SekinoGray_3_224x@3x.jpg?v=1689510676
Must Have;Sekino Cropped Pants - Red;$39.95;https://kidoriman.com/cdn/shop/files/SekinoRed_10_224x@3x.jpg?v=1689510676
Must Have;Sekino Cropped Pants - Beige-White;$39.95;https://kidoriman.com/cdn/shop/files/Sekino-65_224x@3x.jpg?v=1689510662
Must Have;Biraki Corduroy Pants - Blue;$49.95;https://kidoriman.com/cdn/shop/files/Biraki_blue_1920x1920_1_224x@3x.webp?v=1696338584
Must Have;Biraki Corduroy Pants - Khaki Brown;$49.95;https://kidoriman.com/cdn/shop/files/Biraki_brown_1920x1920_3_224x@3x.webp?v=1696338584
Must Have;Biraki Corduroy Pants - Black;$49.95;https://kidoriman.com/cdn/shop/files/Biraki_black_1920x1920_5_1_224x@3x.webp?v=1696338719
Must Have;Nekokiti Pants - Black;$49.95;https://kidoriman.com/cdn/shop/files/nekokiti-110_224x@3x.jpg?v=1687245019
Must Have;Nekokiti Pants - Green;$49.95;https://kidoriman.com/cdn/shop/files/nekokiti-047_224x@3x.jpg?v=1687245277
Must Have;Pokku Pants - Black;$49.95;https://kidoriman.com/cdn/shop/files/Kidorimanpokkugray_4_224x@3x.webp?v=1696495530
Must Have;Pokku Pants - Green;$49.95;https://kidoriman.com/cdn/shop/files/Kidorimanpokkugreen_4_224x@3x.webp?v=1696495530
Must Have;Pokku Pants - Red Brown;$49.95;https://kidoriman.com/cdn/shop/files/Kidorimanpokkured_6_224x@3x.webp?v=1696495526
Must Have;Oleno Harem Denim Pants - Black;$59.95;https://kidoriman.com/cdn/shop/files/oleno_gray_1920_1_224x@3x.webp?v=1696494623
Must Have;Oleno Harem Denim Pants - Blue;$59.95;https://kidoriman.com/cdn/shop/files/oleno_lblue_1920_5_224x@3x.webp?v=1696494647
Must Have;Oleno Harem Denim Pants - Dirty blue;$59.95;https://kidoriman.com/cdn/shop/files/oleno_blue_1920_2_224x@3x.webp?v=1696494662
Must Have;Sakura Embroidered Sweatshirt - Black;$59.95;https://kidoriman.com/cdn/shop/files/webp_3_5a03d91a-f882-46e7-9b6e-88b1d6da0c10_224x@3x.webp?v=1697440065
Must Have;Sakura Embroidered Sweatshirt - White;$59.95;https://kidoriman.com/cdn/shop/files/webp_6_e9183b20-c266-405f-8e77-d20f341b55c9_224x@3x.webp?v=1697440065
Must Have;Tekida Short Pants - Black;$39.95;https://kidoriman.com/cdn/shop/files/tekida-09_224x@3x.jpg?v=1689507716
Must Have;Tekida Short Pants - Brown;$39.95;https://kidoriman.com/cdn/shop/files/tekida_red_1920_2_224x@3x.jpg?v=1689507716
Must Have;Tekida Short Pants - Green;$39.95;https://kidoriman.com/cdn/shop/files/tekida_green_1080_L_1_224x@3x.jpg?v=1689955261
Must Have;Kurahan Pants - Black;$49.95;https://kidoriman.com/cdn/shop/files/webp_7_224x@3x.webp?v=1697436158
Must Have;Kurahan Pants - Gray-Blue;$49.95;https://kidoriman.com/cdn/shop/files/webp_2_224x@3x.webp?v=1697436158
Must Have;Kurahan Pants - Green;$49.95;https://kidoriman.com/cdn/shop/files/KurahanGreen1920_1_224x@3x.jpg?v=1697436158
Must Have;Sakura Embroidered Shirt - Black;$39.95;https://kidoriman.com/cdn/shop/files/SakuraEmbroideredShirtBlack_1920_3_224x@3x.jpg?v=1697111017
Must Have;Sakura Embroidered Shirt - White;$39.95;https://kidoriman.com/cdn/shop/files/KidorimanSakuraShirt_2_224x@3x.jpg?v=1697111017
Must Have;Uysa Shirt Jacket - Black;$69.95;https://kidoriman.com/cdn/shop/files/Uysablack1080_1_224x@3x.webp?v=1693729415
Must Have;Uysa Shirt Jacket - Red;$69.95;https://kidoriman.com/cdn/shop/files/Uysared1080_2_224x@3x.webp?v=1693729415
Must Have;Uysa Shirt Jacket - Green;$69.95;https://kidoriman.com/cdn/shop/files/Uysagreen1080_3_224x@3x.webp?v=1693729480
Must Have;Miyabi Pants - Black;$59.95;https://kidoriman.com/cdn/shop/files/Miyabi-Black-37_224x@3x.webp?v=1693824447
Must Have;Miyabi Pants - Khaki;$59.95;https://kidoriman.com/cdn/shop/files/Miyabi-brown-1080-03_224x@3x.webp?v=1693824447
Must Have;Arashi Washed Shirt - Black;$39.95;https://kidoriman.com/cdn/shop/files/Black_1920_1_224x@3x.webp?v=1697109403
Must Have;Arashi Washed Shirt - Blue;$39.95;https://kidoriman.com/cdn/shop/files/Blue_1920_2_224x@3x.webp?v=1697109403
Must Have;Arashi Washed Shirt - Brown;$39.95;https://kidoriman.com/cdn/shop/files/ArashiBrown1920_1_224x@3x.webp?v=1697109403
Must Have;Arashi Washed Shirt - Gray;$39.95;https://kidoriman.com/cdn/shop/files/ArashiGray1920_1_224x@3x.webp?v=1697109403
Must Have;Arashi Washed Shirt - Green;$39.95;https://kidoriman.com/cdn/shop/files/Green_1920_4_224x@3x.webp?v=1697109403
Must Have;Arashi Washed Shirt - Red;$39.95;https://kidoriman.com/cdn/shop/files/Red_1920_5_224x@3x.webp?v=1697109409
Must Have;Sutorai Loose Pants - Black;$54.95;https://kidoriman.com/cdn/shop/files/SutoraiLoosePants_1080x1080_2_224x@3x.jpg?v=1690396713
Must Have;Sutorai Loose Pants - Coffee;$54.95;https://kidoriman.com/cdn/shop/files/SutoraiLoosePants_1080x1080_5_f5198cbf-9140-4148-935d-ae91412c97fd_224x@3x.jpg?v=1693385682
Must Have;Sutorai Loose Pants - Blue;$54.95;https://kidoriman.com/cdn/shop/files/SutoraiLoosePants_1080x1080_1_c9c9c2a2-02cb-44dd-a8b2-7ffc0783e86a_224x@3x.jpg?v=1693385682
Must Have;Sutorai Loose Pants - Gray;$54.95;https://kidoriman.com/cdn/shop/files/SutoraiLoosePants_1080x1080_2_8f07dfa3-1eac-4946-b20f-eae73cc6f044_224x@3x.jpg?v=1693385682
Must Have;Oba Oversized Shirt - Black;$39.95;https://kidoriman.com/cdn/shop/files/Obablackextra1920_1_224x@3x.webp?v=1696425897
Must Have;Oba Oversized Shirt - Beige;$39.95;https://kidoriman.com/cdn/shop/files/Obabeige1920_3_224x@3x.webp?v=1696425897
Must Have;Koya Washed Shirt - Black;$49.95;https://kidoriman.com/cdn/shop/files/Koya_black_1920_1_224x@3x.webp?v=1696493864
Must Have;Koya Washed Shirt - Gray;$49.95;https://kidoriman.com/cdn/shop/files/Koya_dgray_1920_4_224x@3x.webp?v=1696493870
Must Have;Koya Washed Shirt - Red;$49.95;https://kidoriman.com/cdn/shop/files/Koya_red_1920_3_224x@3x.webp?v=1696493874
Must Have;Koya Washed Shirt - Brown;$49.95;https://kidoriman.com/cdn/shop/files/Koya_brown_1920_3_224x@3x.webp?v=1696493876
Must Have;Koya Washed Shirt - Green;$49.95;https://kidoriman.com/cdn/shop/files/Koya_green_1920_3_224x@3x.webp?v=1696493879
Must Have;Choku Relaxed Pants;$49.95;https://kidoriman.com/cdn/shop/files/choku_black_1920_8.webp?v=1696333935&width=1100
Must Have;Raku Pants - Black;$59.95;https://kidoriman.com/cdn/shop/files/Black_1080_5_224x@3x.jpg?v=1691561689
Must Have;Raku Pants - Dark Gray;$59.95;https://kidoriman.com/cdn/shop/files/DGray_1080_2_224x@3x.jpg?v=1692681442
Must Have;Raku Pants - Light Gray;$59.95;https://kidoriman.com/cdn/shop/files/LGray_1080_1_224x@3x.jpg?v=1692681775
Must Have;Raku Pants - Green;$59.95;https://kidoriman.com/cdn/shop/files/Green_1080_2_224x@3x.jpg?v=1692681775
Must Have;Raku Pants - Blue;$59.95;https://kidoriman.com/cdn/shop/files/Blue_1080_6_224x@3x.jpg?v=1692681775
Must Have;Raku Pants - Brown;$59.95;https://kidoriman.com/cdn/shop/files/Brown_1080_3_224x@3x.jpg?v=1692681775
Must Have;Raku Pants - Beige;$59.95;https://kidoriman.com/cdn/shop/files/Beige_1080_3_224x@3x.jpg?v=1692681775
Must Have;Tori Embroidered Jacket;$99.95;https://kidoriman.com/cdn/shop/files/ToriJacket_6__1080.jpg?v=1693459711&width=1100
Must Have;Tsunagi Patched Pants - Navy Blue;$59.95;https://kidoriman.com/cdn/shop/files/TsunagiBlue-38_224x@3x.jpg?v=1693398327
Must Have;Tsunagi Patched Pants - Army Green;$59.95;https://kidoriman.com/cdn/shop/files/Tsunagi_green_1080_7_224x@3x.jpg?v=1693825440
Pants;Gelyu Harem Pants - Black;$49.95;https://kidoriman.com/cdn/shop/files/KidorimanGelyuPantsBlack_4_224x@3x.webp?v=1696424648
Pants;Gelyu Harem Pants - Navy Blue;$49.95;https://kidoriman.com/cdn/shop/files/KidorimanGelyuPantsBlue_3_224x@3x.webp?v=1696424682
Pants;Gelyu Harem Pants - Red;$49.95;https://kidoriman.com/cdn/shop/files/KidorimanGelyuPantsRed_2_224x@3x.webp?v=1696424682
Pants;Gelyu Harem Pants - Gray;$49.95;https://kidoriman.com/cdn/shop/files/Gelyu-gray-1080_224x@3x.jpg?v=1696424682
Pants;Gelyu Harem Pants - Yellow;$49.95;https://kidoriman.com/cdn/shop/files/KidorimanGelyuPants_7_224x@3x.webp?v=1696424682
Pants;Gelyu Harem Pants - Brown;$49.95;https://kidoriman.com/cdn/shop/files/KidorimanGelyuPantsBrown_3_224x@3x.webp?v=1696424682
Pants;Kireina Pants - Black;$49.95;https://kidoriman.com/cdn/shop/files/Kiriena_black_1920_2_224x@3x.webp?v=1696342443
Pants;Kireina Pants - Gray;$49.95;https://kidoriman.com/cdn/shop/files/Kiriena_gray_1920_4_224x@3x.webp?v=1696342459
Pants;Kireina Pants - Red;$49.95;https://kidoriman.com/cdn/shop/files/Kiriena_red_1920_3_224x@3x.webp?v=1696342459
Pants;Kireina Pants - Blue;$49.95;https://kidoriman.com/cdn/shop/files/Kiriena_blue_1920_4_224x@3x.webp?v=1696342459
Pants;Kireina Pants - Brown;$49.95;https://kidoriman.com/cdn/shop/files/Kireina_brown_1920_3_224x@3x.webp?v=1696342459
Pants;Choku Relaxed Pants;$49.95;https://kidoriman.com/cdn/shop/files/choku_black_1920_8.webp?v=1696333935&width=1100
Pants;Nekokiti Pants - Black;$49.95;https://kidoriman.com/cdn/shop/files/nekokiti-110_224x@3x.jpg?v=1687245019
Pants;Nekokiti Pants - Green;$49.95;https://kidoriman.com/cdn/shop/files/nekokiti-047_224x@3x.jpg?v=1687245277
Pants;Sekino Cropped Pants - Blue;$39.95;https://kidoriman.com/cdn/shop/files/SekinoBlue_16_224x@3x.jpg?v=1689510676
Pants;Sekino Cropped Pants - Black;$39.95;https://kidoriman.com/cdn/shop/files/SekinoBlack_3_224x@3x.jpg?v=1689510676
Pants;Sekino Cropped Pants - Gray;$39.95;https://kidoriman.com/cdn/shop/files/SekinoGray_3_224x@3x.jpg?v=1689510676
Pants;Sekino Cropped Pants - Red;$39.95;https://kidoriman.com/cdn/shop/files/SekinoRed_10_224x@3x.jpg?v=1689510676
Pants;Sekino Cropped Pants - Beige-White;$39.95;https://kidoriman.com/cdn/shop/files/Sekino-65_224x@3x.jpg?v=1689510662
Pants;Biraki Corduroy Pants - Blue;$49.95;https://kidoriman.com/cdn/shop/files/Biraki_blue_1920x1920_1_224x@3x.webp?v=1696338584
Pants;Biraki Corduroy Pants - Khaki Brown;$49.95;https://kidoriman.com/cdn/shop/files/Biraki_brown_1920x1920_3_224x@3x.webp?v=1696338584
Pants;Biraki Corduroy Pants - Black;$49.95;https://kidoriman.com/cdn/shop/files/Biraki_black_1920x1920_5_1_224x@3x.webp?v=1696338719
Pants;Miyabi Pants - Black;$59.95;https://kidoriman.com/cdn/shop/files/Miyabi-Black-37_224x@3x.webp?v=1693824447
Pants;Miyabi Pants - Khaki;$59.95;https://kidoriman.com/cdn/shop/files/Miyabi-brown-1080-03_224x@3x.webp?v=1693824447
Pants;Pokku Pants - Black;$49.95;https://kidoriman.com/cdn/shop/files/Kidorimanpokkugray_4_224x@3x.webp?v=1696495530
Pants;Pokku Pants - Green;$49.95;https://kidoriman.com/cdn/shop/files/Kidorimanpokkugreen_4_224x@3x.webp?v=1696495530
Pants;Pokku Pants - Red Brown;$49.95;https://kidoriman.com/cdn/shop/files/Kidorimanpokkured_6_224x@3x.webp?v=1696495526
Pants;Yurui Black Pants - Black;$39.95;https://kidoriman.com/cdn/shop/files/Yurui_pants_black_1_224x@3x.jpg?v=1689237287
Pants;Yurui Black Pants - Dark Gray;$39.95;https://kidoriman.com/cdn/shop/files/Yurui_pants_gray_6_224x@3x.jpg?v=1689237287
Pants;Sutorai Loose Pants - Black;$54.95;https://kidoriman.com/cdn/shop/files/SutoraiLoosePants_1080x1080_2_224x@3x.jpg?v=1690396713
Pants;Sutorai Loose Pants - Coffee;$54.95;https://kidoriman.com/cdn/shop/files/SutoraiLoosePants_1080x1080_5_f5198cbf-9140-4148-935d-ae91412c97fd_224x@3x.jpg?v=1693385682
Pants;Sutorai Loose Pants - Blue;$54.95;https://kidoriman.com/cdn/shop/files/SutoraiLoosePants_1080x1080_1_c9c9c2a2-02cb-44dd-a8b2-7ffc0783e86a_224x@3x.jpg?v=1693385682
Pants;Sutorai Loose Pants - Gray;$54.95;https://kidoriman.com/cdn/shop/files/SutoraiLoosePants_1080x1080_2_8f07dfa3-1eac-4946-b20f-eae73cc6f044_224x@3x.jpg?v=1693385682
Pants;Tekida Short Pants - Black;$39.95;https://kidoriman.com/cdn/shop/files/tekida-09_224x@3x.jpg?v=1689507716
Pants;Tekida Short Pants - Brown;$39.95;https://kidoriman.com/cdn/shop/files/tekida_red_1920_2_224x@3x.jpg?v=1689507716
Pants;Tekida Short Pants - Green;$39.95;https://kidoriman.com/cdn/shop/files/tekida_green_1080_L_1_224x@3x.jpg?v=1689955261
Pants;Kuko Harem Pants - Black;$59.95;https://kidoriman.com/cdn/shop/files/KidorimanKukoPants_8_224x@3x.jpg?v=1689508749
Pants;Kuko Harem Pants - Light Gray;$59.95;https://kidoriman.com/cdn/shop/files/Kukolightgray_8_224x@3x.jpg?v=1689508749
Pants;Kuko Harem Pants - Dark Gray;$59.95;https://kidoriman.com/cdn/shop/files/Kuko_1920_5_224x@3x.jpg?v=1689508749
Pants;Oleno Harem Denim Pants - Black;$59.95;https://kidoriman.com/cdn/shop/files/oleno_gray_1920_1_224x@3x.webp?v=1696494623
Pants;Oleno Harem Denim Pants - Blue;$59.95;https://kidoriman.com/cdn/shop/files/oleno_lblue_1920_5_224x@3x.webp?v=1696494647
Pants;Oleno Harem Denim Pants - Dirty blue;$59.95;https://kidoriman.com/cdn/shop/files/oleno_blue_1920_2_224x@3x.webp?v=1696494662
Pants;Tsunagi Patched Pants - Navy Blue;$59.95;https://kidoriman.com/cdn/shop/files/TsunagiBlue-38_224x@3x.jpg?v=1693398327
Pants;Tsunagi Patched Pants - Army Green;$59.95;https://kidoriman.com/cdn/shop/files/Tsunagi_green_1080_7_224x@3x.jpg?v=1693825440
Pants;Kona Shorts - Black;$29.95;https://kidoriman.com/cdn/shop/files/bk3_224x@3x.jpg?v=1696425439
Pants;Kona Shorts - Gray;$29.95;https://kidoriman.com/cdn/shop/files/g7_224x@3x.jpg?v=1696425439
Pants;Kona Shorts - Red;$29.95;https://kidoriman.com/cdn/shop/files/r5_224x@3x.jpg?v=1696425439
Pants;Kona Shorts - Blue;$29.95;https://kidoriman.com/cdn/shop/files/b1_224x@3x.jpg?v=1696425439
Pants;Massugu Denim Pants - Blue;$39.95;https://kidoriman.com/cdn/shop/files/Massagublue1920_6_224x@3x.webp?v=1696494259
Pants;Massugu Denim Pants - Black;$39.95;https://kidoriman.com/cdn/shop/files/Massagublack1920_4_224x@3x.webp?v=1696494259
Pants;Nemuri Shorts - Black;$39.95;https://kidoriman.com/cdn/shop/files/nemuri_black_4__1080_224x@3x.jpg?v=1690005821
Pants;Nemuri Shorts - Fried Black;$39.95;https://kidoriman.com/cdn/shop/files/nemuri_friedblack_2__1080_224x@3x.jpg?v=1690005821
Pants;Nemuri Shorts - Dark Gray;$39.95;https://kidoriman.com/cdn/shop/files/nemuri_dgray_4__1080_224x@3x.jpg?v=1690005821
Pants;Nemuri Shorts - Light Gray;$39.95;https://kidoriman.com/cdn/shop/files/nemuri_light_gray_1__1080_224x@3x.jpg?v=1690005821
Pants;Nemuri Shorts - Flecking Gray;$39.95;https://kidoriman.com/cdn/shop/files/nemuri_fleckinggray_3__1080_224x@3x.jpg?v=1691563701
Pants;Nemuri Shorts - Beige;$39.95;https://kidoriman.com/cdn/shop/files/nemuri_beige_5__1080_224x@3x.jpg?v=1691563701
Pants;Nemuri Shorts - Khaki;$39.95;https://kidoriman.com/cdn/shop/files/nemuri_khaki_5__1080_224x@3x.jpg?v=1691563701
Pants;Nemuri Shorts - Blue;$39.95;https://kidoriman.com/cdn/shop/files/nemuri_blue_4__1080_224x@3x.jpg?v=1691563701
Pants;Nemuri Shorts - Brown;$39.95;https://kidoriman.com/cdn/shop/files/nemuri_brown_7__1080_224x@3x.jpg?v=1691563701
Pants;Nemuri Shorts - Green;$39.95;https://kidoriman.com/cdn/shop/files/nemuri_green_4__1080_224x@3x.jpg?v=1691563701
Pants;Nemuri Shorts - Sky Blue;$39.95;https://kidoriman.com/cdn/shop/files/nemuri_skyblue_3__1080_224x@3x.jpg?v=1691563701
Pants;Raku Pants - Black;$59.95;https://kidoriman.com/cdn/shop/files/Black_1080_5_224x@3x.jpg?v=1691561689
Pants;Raku Pants - Dark Gray;$59.95;https://kidoriman.com/cdn/shop/files/DGray_1080_2_224x@3x.jpg?v=1692681442
Pants;Raku Pants - Light Gray;$59.95;https://kidoriman.com/cdn/shop/files/LGray_1080_1_224x@3x.jpg?v=1692681775
Pants;Raku Pants - Green;$59.95;https://kidoriman.com/cdn/shop/files/Green_1080_2_224x@3x.jpg?v=1692681775
Pants;Raku Pants - Blue;$59.95;https://kidoriman.com/cdn/shop/files/Blue_1080_6_224x@3x.jpg?v=1692681775
Pants;Raku Pants - Brown;$59.95;https://kidoriman.com/cdn/shop/files/Brown_1080_3_224x@3x.jpg?v=1692681775
Pants;Raku Pants - Beige;$59.95;https://kidoriman.com/cdn/shop/files/Beige_1080_3_224x@3x.jpg?v=1692681775
Pants;Buki Short Pants - Black;$34.95;https://kidoriman.com/cdn/shop/files/Buki_black_1920_5_224x@3x.webp?v=1696340923
Pants;Buki Short Pants - Dark Gray;$34.95;https://kidoriman.com/cdn/shop/files/Buki_dgray_1920_1_224x@3x.webp?v=1696340923
Pants;Buki Short Pants - Light Gray;$34.95;https://kidoriman.com/cdn/shop/files/Buki_gray_1920_4_224x@3x.webp?v=1696340923
Pants;Buki Short Pants - Khaki;$34.95;https://kidoriman.com/cdn/shop/files/Buki_khaki_1920_2_224x@3x.webp?v=1696340997
Pants;Nagare Washed Jeans - Black;$39.95;https://kidoriman.com/cdn/shop/files/NagareWashedJeansBLACK-65_224x@3x.jpg?v=1684747330
Pants;Nagare Washed Jeans - Brown;$39.95;https://kidoriman.com/cdn/shop/files/NagareWashedJeansBrown-08_224x@3x.jpg?v=1684747393
Pants;Yushoku Camo Pants;$39.95;https://kidoriman.com/cdn/shop/files/YushokuCamoPants-53.jpg?v=1684482200&width=1100
Pants;Yushoku Camo Shorts;$39.95;https://kidoriman.com/cdn/shop/files/YushokuCamoShorts-49.jpg?v=1684748266&width=1100
Pants;Obaoru Denim Overalls;$89.95;https://kidoriman.com/cdn/shop/products/ObaoruDenimOverallsKidoriman_2.jpg?v=1670745627&width=1100
Pants;Kohi Wide Jeans;$59.95;https://kidoriman.com/cdn/shop/files/Mizu-76.jpg?v=1686647754&width=1100
Tops;Shinu Sleeve Shirt - Gray;$39.95;https://kidoriman.com/cdn/shop/files/Shinuq_gray_3__1080_224x@3x.jpg?v=1690560025
Tops;Shinu Sleeve Shirt - Black;$39.95;https://kidoriman.com/cdn/shop/files/Shinuq_black_2__1080_224x@3x.jpg?v=1692682785
Tops;Shinu Sleeve Shirt - White;$39.95;https://kidoriman.com/cdn/shop/files/Shinuq_white_2__1080_224x@3x.jpg?v=1692786303
Tops;Shinu Sleeve Shirt - Blue;$39.95;https://kidoriman.com/cdn/shop/files/Shinuq_blue_4__1080_224x@3x.jpg?v=1692682785
Tops;Shinu Sleeve Shirt - Stone;$39.95;https://kidoriman.com/cdn/shop/files/ShinuLGray1080_2_224x@3x.jpg?v=1692786303
Tops;Shinu Sleeve Shirt - Graphite;$39.95;https://kidoriman.com/cdn/shop/files/ShinuDGray1080_4_224x@3x.jpg?v=1692786303
Tops;Sakura Embroidered Sweatshirt - Black;$59.95;https://kidoriman.com/cdn/shop/files/webp_3_5a03d91a-f882-46e7-9b6e-88b1d6da0c10_224x@3x.webp?v=1697440065
Tops;Sakura Embroidered Sweatshirt - White;$59.95;https://kidoriman.com/cdn/shop/files/webp_6_e9183b20-c266-405f-8e77-d20f341b55c9_224x@3x.webp?v=1697440065
Tops;Sakura Embroidered Shirt - Black;$39.95;https://kidoriman.com/cdn/shop/files/SakuraEmbroideredShirtBlack_1920_3_224x@3x.jpg?v=1697111017
Tops;Sakura Embroidered Shirt - White;$39.95;https://kidoriman.com/cdn/shop/files/KidorimanSakuraShirt_2_224x@3x.jpg?v=1697111017
Tops;Uysa Shirt Jacket - Black;$69.95;https://kidoriman.com/cdn/shop/files/Uysablack1080_1_224x@3x.webp?v=1693729415
Tops;Uysa Shirt Jacket - Red;$69.95;https://kidoriman.com/cdn/shop/files/Uysared1080_2_224x@3x.webp?v=1693729415
Tops;Uysa Shirt Jacket - Green;$69.95;https://kidoriman.com/cdn/shop/files/Uysagreen1080_3_224x@3x.webp?v=1693729480
Tops;Arashi Washed Shirt - Black;$39.95;https://kidoriman.com/cdn/shop/files/Black_1920_1_224x@3x.webp?v=1697109403
Tops;Arashi Washed Shirt - Blue;$39.95;https://kidoriman.com/cdn/shop/files/Blue_1920_2_224x@3x.webp?v=1697109403
Tops;Arashi Washed Shirt - Brown;$39.95;https://kidoriman.com/cdn/shop/files/ArashiBrown1920_1_224x@3x.webp?v=1697109403
Tops;Arashi Washed Shirt - Gray;$39.95;https://kidoriman.com/cdn/shop/files/ArashiGray1920_1_224x@3x.webp?v=1697109403
Tops;Arashi Washed Shirt - Green;$39.95;https://kidoriman.com/cdn/shop/files/Green_1920_4_224x@3x.webp?v=1697109403
Tops;Arashi Washed Shirt - Red;$39.95;https://kidoriman.com/cdn/shop/files/Red_1920_5_224x@3x.webp?v=1697109409
Tops;Phoenix Shirt - Black;$39.95;https://kidoriman.com/cdn/shop/products/Tsukumo-42_224x@3x.jpg?v=1679496605
Tops;Phoenix Shirt - White;$39.95;https://kidoriman.com/cdn/shop/products/Tsukumo-43_224x@3x.jpg?v=1679496810
Tops;Oba Oversized Shirt - Black;$39.95;https://kidoriman.com/cdn/shop/files/Obablackextra1920_1_224x@3x.webp?v=1696425897
Tops;Oba Oversized Shirt - Beige;$39.95;https://kidoriman.com/cdn/shop/files/Obabeige1920_3_224x@3x.webp?v=1696425897
Tops;Koya Washed Shirt - Black;$49.95;https://kidoriman.com/cdn/shop/files/Koya_black_1920_1_224x@3x.webp?v=1696493864
Tops;Koya Washed Shirt - Gray;$49.95;https://kidoriman.com/cdn/shop/files/Koya_dgray_1920_4_224x@3x.webp?v=1696493870
Tops;Koya Washed Shirt - Red;$49.95;https://kidoriman.com/cdn/shop/files/Koya_red_1920_3_224x@3x.webp?v=1696493874
Tops;Koya Washed Shirt - Brown;$49.95;https://kidoriman.com/cdn/shop/files/Koya_brown_1920_3_224x@3x.webp?v=1696493876
Tops;Koya Washed Shirt - Green;$49.95;https://kidoriman.com/cdn/shop/files/Koya_green_1920_3_224x@3x.webp?v=1696493879
Tops;Tori Embroidered Jacket;$99.95;https://kidoriman.com/cdn/shop/files/ToriJacket_6__1080.jpg?v=1693459711&width=1100
Tops;Kigo Embroidered Shirt - Black;$39.95;https://kidoriman.com/cdn/shop/products/Kigo1080-07_224x@3x.jpg?v=1677586761
Tops;Kigo Embroidered Shirt - White;$39.95;https://kidoriman.com/cdn/shop/products/Kigowhite1080-19_224x@3x.jpg?v=1677586868
Tops;Hanabira Shirt - Black;$29.95;https://kidoriman.com/cdn/shop/files/Hanabira-061_224x@3x.webp?v=1696337201
Tops;Hanabira Shirt - White;$29.95;https://kidoriman.com/cdn/shop/files/Hanabira-125_224x@3x.webp?v=1696337201
Tops;Mizu Dragon Shirt - Black;$39.95;https://kidoriman.com/cdn/shop/files/KidorimanMizushirt-20_224x@3x.jpg?v=1687249431
Tops;Mizu Dragon Shirt - White;$39.95;https://kidoriman.com/cdn/shop/files/KidorimanMizushirt-14_224x@3x.jpg?v=1687343550
Tops;Obaka Ghost Shirt - Black;$39.95;https://kidoriman.com/cdn/shop/files/ObakaShirt1080x1080_black_18_224x@3x.jpg?v=1689141094
Tops;Obaka Ghost Shirt - White;$39.95;https://kidoriman.com/cdn/shop/files/Obaka_shirt_1080x1080_white_15_224x@3x.jpg?v=1689154376
Tops;Kibana Sweatshirt - Black;$59.95;https://kidoriman.com/cdn/shop/files/KibanaSweatshirtblack1920_2_224x@3x.jpg?v=1697111477
Tops;Kibana Sweatshirt - White;$59.95;https://kidoriman.com/cdn/shop/files/webp_4_224x@3x.webp?v=1697111477
Tops;Matsuri Sweatshirt;$59.95;https://kidoriman.com/cdn/shop/products/matsuri1080-10.jpg?v=1679922154&width=1100
Tops;Yamiro Hoodie;$69.95;https://kidoriman.com/cdn/shop/files/yamiro-49.jpg?v=1686557089&width=1100
Tops;Shishu Shirt;$29.95;https://kidoriman.com/cdn/shop/files/1080_shishu_1920_3_649fffb7-3cc8-4cf1-b8d5-7450a01a08de.jpg?v=1691645775&width=1100
Essentials;Arashi Washed Shirt - Black;$39.95;https://kidoriman.com/cdn/shop/files/Black_1920_1_224x@3x.webp?v=1697109403
Essentials;Arashi Washed Shirt - Blue;$39.95;https://kidoriman.com/cdn/shop/files/Blue_1920_2_224x@3x.webp?v=1697109403
Essentials;Arashi Washed Shirt - Brown;$39.95;https://kidoriman.com/cdn/shop/files/ArashiBrown1920_1_224x@3x.webp?v=1697109403
Essentials;Arashi Washed Shirt - Gray;$39.95;https://kidoriman.com/cdn/shop/files/ArashiGray1920_1_224x@3x.webp?v=1697109403
Essentials;Arashi Washed Shirt - Green;$39.95;https://kidoriman.com/cdn/shop/files/Green_1920_4_224x@3x.webp?v=1697109403
Essentials;Arashi Washed Shirt - Red;$39.95;https://kidoriman.com/cdn/shop/files/Red_1920_5_224x@3x.webp?v=1697109409
Essentials;Yurui Black Pants - Black;$39.95;https://kidoriman.com/cdn/shop/files/Yurui_pants_black_1_224x@3x.jpg?v=1689237287
Essentials;Yurui Black Pants - Dark Gray;$39.95;https://kidoriman.com/cdn/shop/files/Yurui_pants_gray_6_224x@3x.jpg?v=1689237287
Essentials;Oba Oversized Shirt - Black;$39.95;https://kidoriman.com/cdn/shop/files/Obablackextra1920_1_224x@3x.webp?v=1696425897
Essentials;Oba Oversized Shirt - Beige;$39.95;https://kidoriman.com/cdn/shop/files/Obabeige1920_3_224x@3x.webp?v=1696425897
Essentials;Koya Washed Shirt - Black;$49.95;https://kidoriman.com/cdn/shop/files/Koya_black_1920_1_224x@3x.webp?v=1696493864
Essentials;Koya Washed Shirt - Gray;$49.95;https://kidoriman.com/cdn/shop/files/Koya_dgray_1920_4_224x@3x.webp?v=1696493870
Essentials;Koya Washed Shirt - Red;$49.95;https://kidoriman.com/cdn/shop/files/Koya_red_1920_3_224x@3x.webp?v=1696493874
Essentials;Koya Washed Shirt - Brown;$49.95;https://kidoriman.com/cdn/shop/files/Koya_brown_1920_3_224x@3x.webp?v=1696493876
Essentials;Koya Washed Shirt - Green;$49.95;https://kidoriman.com/cdn/shop/files/Koya_green_1920_3_224x@3x.webp?v=1696493879
Essentials;Raku Pants - Black;$59.95;https://kidoriman.com/cdn/shop/files/Black_1080_5_224x@3x.jpg?v=1691561689
Essentials;Raku Pants - Dark Gray;$59.95;https://kidoriman.com/cdn/shop/files/DGray_1080_2_224x@3x.jpg?v=1692681442
Essentials;Raku Pants - Light Gray;$59.95;https://kidoriman.com/cdn/shop/files/LGray_1080_1_224x@3x.jpg?v=1692681775
Essentials;Raku Pants - Green;$59.95;https://kidoriman.com/cdn/shop/files/Green_1080_2_224x@3x.jpg?v=1692681775
Essentials;Raku Pants - Blue;$59.95;https://kidoriman.com/cdn/shop/files/Blue_1080_6_224x@3x.jpg?v=1692681775
Essentials;Raku Pants - Brown;$59.95;https://kidoriman.com/cdn/shop/files/Brown_1080_3_224x@3x.jpg?v=1692681775
Essentials;Raku Pants - Beige;$59.95;https://kidoriman.com/cdn/shop/files/Beige_1080_3_224x@3x.jpg?v=1692681775
Essentials;Nemuri Shorts - Black;$39.95;https://kidoriman.com/cdn/shop/files/nemuri_black_4__1080_224x@3x.jpg?v=1690005821
Essentials;Nemuri Shorts - Fried Black;$39.95;https://kidoriman.com/cdn/shop/files/nemuri_friedblack_2__1080_224x@3x.jpg?v=1690005821
Essentials;Nemuri Shorts - Dark Gray;$39.95;https://kidoriman.com/cdn/shop/files/nemuri_dgray_4__1080_224x@3x.jpg?v=1690005821
Essentials;Nemuri Shorts - Light Gray;$39.95;https://kidoriman.com/cdn/shop/files/nemuri_light_gray_1__1080_224x@3x.jpg?v=1690005821
Essentials;Nemuri Shorts - Flecking Gray;$39.95;https://kidoriman.com/cdn/shop/files/nemuri_fleckinggray_3__1080_224x@3x.jpg?v=1691563701
Essentials;Nemuri Shorts - Beige;$39.95;https://kidoriman.com/cdn/shop/files/nemuri_beige_5__1080_224x@3x.jpg?v=1691563701
Essentials;Nemuri Shorts - Khaki;$39.95;https://kidoriman.com/cdn/shop/files/nemuri_khaki_5__1080_224x@3x.jpg?v=1691563701
Essentials;Nemuri Shorts - Blue;$39.95;https://kidoriman.com/cdn/shop/files/nemuri_blue_4__1080_224x@3x.jpg?v=1691563701
Essentials;Nemuri Shorts - Brown;$39.95;https://kidoriman.com/cdn/shop/files/nemuri_brown_7__1080_224x@3x.jpg?v=1691563701
Essentials;Nemuri Shorts - Green;$39.95;https://kidoriman.com/cdn/shop/files/nemuri_green_4__1080_224x@3x.jpg?v=1691563701
Essentials;Nemuri Shorts - Sky Blue;$39.95;https://kidoriman.com/cdn/shop/files/nemuri_skyblue_3__1080_224x@3x.jpg?v=1691563701
Essentials;Matsuri Sweatshirt;$59.95;https://kidoriman.com/cdn/shop/products/matsuri1080-10.jpg?v=1679922154&width=1100
Essentials;Yamiro Hoodie;$69.95;https://kidoriman.com/cdn/shop/files/yamiro-49.jpg?v=1686557089&width=1100
Essentials;Buki Short Pants - Black;$34.95;https://kidoriman.com/cdn/shop/files/Buki_black_1920_5_224x@3x.webp?v=1696340923
Essentials;Buki Short Pants - Dark Gray;$34.95;https://kidoriman.com/cdn/shop/files/Buki_dgray_1920_1_224x@3x.webp?v=1696340923
Essentials;Buki Short Pants - Light Gray;$34.95;https://kidoriman.com/cdn/shop/files/Buki_gray_1920_4_224x@3x.webp?v=1696340923
Essentials;Buki Short Pants - Khaki;$34.95;https://kidoriman.com/cdn/shop/files/Buki_khaki_1920_2_224x@3x.webp?v=1696340997
Embroidered;Sakura Embroidered Sweatshirt - Black;$59.95;https://kidoriman.com/cdn/shop/files/webp_3_5a03d91a-f882-46e7-9b6e-88b1d6da0c10_224x@3x.webp?v=1697440065
Embroidered;Sakura Embroidered Sweatshirt - White;$59.95;https://kidoriman.com/cdn/shop/files/webp_6_e9183b20-c266-405f-8e77-d20f341b55c9_224x@3x.webp?v=1697440065
Embroidered;Sakura Embroidered Shirt - Black;$39.95;https://kidoriman.com/cdn/shop/files/SakuraEmbroideredShirtBlack_1920_3_224x@3x.jpg?v=1697111017
Embroidered;Sakura Embroidered Shirt - White;$39.95;https://kidoriman.com/cdn/shop/files/KidorimanSakuraShirt_2_224x@3x.jpg?v=1697111017
Embroidered;Kigo Embroidered Shirt - Black;$39.95;https://kidoriman.com/cdn/shop/products/Kigo1080-07_224x@3x.jpg?v=1677586761
Embroidered;Kigo Embroidered Shirt - White;$39.95;https://kidoriman.com/cdn/shop/products/Kigowhite1080-19_224x@3x.jpg?v=1677586868
Embroidered;Tori Embroidered Jacket;$99.95;https://kidoriman.com/cdn/shop/files/ToriJacket_6__1080.jpg?v=1693459711&width=1100
Embroidered;Phoenix Shirt - Black;$39.95;https://kidoriman.com/cdn/shop/products/Tsukumo-42_224x@3x.jpg?v=1679496605
Embroidered;Phoenix Shirt - White;$39.95;https://kidoriman.com/cdn/shop/products/Tsukumo-43_224x@3x.jpg?v=1679496810
Embroidered;Hanabira Shirt - Black;$29.95;https://kidoriman.com/cdn/shop/files/Hanabira-061_224x@3x.webp?v=1696337201
Embroidered;Hanabira Shirt - White;$29.95;https://kidoriman.com/cdn/shop/files/Hanabira-125_224x@3x.webp?v=1696337201
Embroidered;Mizu Dragon Shirt - Black;$39.95;https://kidoriman.com/cdn/shop/files/KidorimanMizushirt-20_224x@3x.jpg?v=1687249431
Embroidered;Mizu Dragon Shirt - White;$39.95;https://kidoriman.com/cdn/shop/files/KidorimanMizushirt-14_224x@3x.jpg?v=1687343550
Embroidered;Shishu Shirt;$29.95;https://kidoriman.com/cdn/shop/files/1080_shishu_1920_3_649fffb7-3cc8-4cf1-b8d5-7450a01a08de.jpg?v=1691645775&width=1100
Embroidered;Kibana Sweatshirt - Black;$59.95;https://kidoriman.com/cdn/shop/files/KibanaSweatshirtblack1920_2_224x@3x.jpg?v=1697111477
Embroidered;Kibana Sweatshirt - White;$59.95;https://kidoriman.com/cdn/shop/files/webp_4_224x@3x.webp?v=1697111477
Clearance;Kinosei Functional Pants - Black;$49.90;https://kidoriman.com/cdn/shop/products/functional-34_224x@3x.jpg?v=1665903562
Clearance;Kinosei Functional Pants - Gray;$49.90;https://kidoriman.com/cdn/shop/products/functional-76_224x@3x.jpg?v=1666067456
Clearance;Guntai Camouflage Pants - Dark Army Green;$69.95;https://kidoriman.com/cdn/shop/products/Guntai-49_224x@3x.jpg?v=1679491885
Clearance;Guntai Camouflage Pants - Light Army Green;$69.95;https://kidoriman.com/cdn/shop/products/Guntai-31_224x@3x.jpg?v=1679491852
